F_Name_Ch,F_Summary,F_Keywords,F_AlsoKnown,F_Geo,F_Location,F_Name_En,F_Name_Latin,F_Family,F_Genus,F_Brief,F_Feature,F_Function&Application,F_Code,F_Pic01_ALT,F_Pic01_URL,F_Pic02_ALT,F_Pic02_URL,F_Pic03_ALT,F_Pic03_URL,F_Pic04_ALT,F_Pic04_URL,F_pdf01_ALT,F_pdf01_URL,F_pdf02_ALT,F_pdf02_URL,F_Voice01_ALT,F_Voice01_URL,F_Voice02_ALT,F_Voice02_URL,F_Voice03_ALT,F_Voice03_URL,F_Vedio_URL,F_Update,F_CID
九芎,,,苞飯花、拘那花、小果紫薇、南紫薇、猴不爬、怕癢樹、南紫薇、九荊、馬鈴花、蚊仔花,"MULTIPOINT ((121.5804577 24.9979216),  (121.5805328 24.9959671),  (121.5836763 24.9957094),  (121.5894029 24.9951126),  (121.5899205 24.9945669))",臺灣動物區；蟲蟲探索谷；熱帶雨林區；鳥園區；兩棲爬蟲動物館,Subcostate Crape Myrtle,Lagerstroemia subcostata,千屈菜科 Lythraceae,紫薇屬Lagerstroemia,分布於中低海拔森林及長江以南的地區，為台灣的原生樹種。主要生長在潮濕的崩塌地，有吸水保持土壤之特性，所以是良好的水土保持樹種。,紅褐色的樹皮剝落後呈灰白色，樹幹光滑堅硬。葉有極短的柄，長橢圓形或卵形，全綠，葉片兩端尖，秋冬轉紅。夏季6～8月開花，花冠白色，花數甚多而密生於枝端，花為圓錐花序頂生，花瓣有長柄，邊緣皺曲像衣裙的花邊花絲長短不一。果實為蒴果，橢圓形約6-8公厘，種子有翅。,"1. 優良薪炭材：木質堅硬耐燒，是臺灣優良的薪炭材之一。
2. 水土保持植栽：可栽植於河岸及邊坡供水土保持。
3. 農具用材：木質堅硬，乾燥後不太會反翹，是做農具的用材。
4. 食用性：花、根入藥，味淡微苦，敗毒散瘀，花蕾味苦有清香，可生食。葉子是長尾水青蛾幼蟲的食草。",,九芎果實,http://www.zoo.gov.tw/iTAP/04_Plant/Lythraceae/subcostata/subcostata_1.jpg,,,,,,,,,,,,,,,,,,2017/9/4,
大安水蓑衣,,,竄心蛇、魚骨草、九節花、毛萼水蓑衣、墨菜,"MULTIPOINT ((121.5843697 24.9951552), (121.5817425 24.9980128), (121.5807098 24.9965943))",蟲蟲探索谷；水生植物園；白手長臂猿島,Da-Ann hygrophila,Hygrophila pogonocalyx,爵床科Acanthaceae,水蓑衣屬Hygrophila,臺灣特有種，生存條件並不嚴苛，長期積水的溼地即可生存，即便在冬季也能開花。因環境遭受破壞，野生族群銳減，僅剩臺中沿海有分佈，其他區域所見的幾乎為人工栽植。,水生草本植物。莖直立呈方形，全株多毛。葉長度9公分，寬度1公分，呈披針形或橢圓形，質感類似紙張，雙面皆有白色粗毛。花呈淡紫色，集中開在葉柄與莖的接合處，花朵有上下兩片花瓣類似嘴唇，上唇較小，下唇較大，雄蕊有4枚，兩長兩短。果實呈細長圓柱狀。,1. 教學用水生植物、觀賞用：大安水蓑衣為臺灣瀕臨絕種之珍稀植物，因而常被學校種植作為指標性水生植物。,,淡紫色的花種植於水池中顯得格外亮眼,http://www.zoo.gov.tw/iTAP/04_Plant/Acanthaceae/pogonocalyx/pogonocalyx_1.jpg,,,,,,,,,,,,,,,,,,2017/9/4,1
大花紫薇,,,爆炸樹、大果紫薇、大葉紫薇、洋紫薇、百日紅,"MULTIPOINT ((121.5804577 24.9979216),  (121.5805328 24.9959671),  (121.582185 24.9984662),  (121.5836763 24.9957094),  (121.5816861 24.9980966))",臺灣動物區；蟲蟲探索谷；兒童動物區；熱帶雨林區；白手長臂猿島,Queen lagerstroemia、Queen crape myrtle,Lagerstroemia speciosa,千屈菜科Lythraceae,紫薇屬Lagerstroemia,原產於澳洲、熱帶亞洲。生長快速，木材堅硬，耐腐力強，色紅而光亮，價值媲美柚木。,落葉喬木，可高達25公尺，樹幹通直，樹皮光滑，呈片狀剝落。單葉對生，革質，葉呈長橢圓形，長度10~28公分，寬度5~12公分，脫落前會變紅。花朵直徑5~8公分，花瓣有6枚，長度2.5~3.5公分，接近圓形，邊緣呈不規則波浪狀，早上初開時呈紅色，傍晚轉為紫紅色。果實直徑約3.5公分，呈球形，分裂成6瓣，初生時呈綠色，成熟時轉褐色。種子扁平具有翅，有利隨風散播。,"1. 園藝景觀植栽用：花大、美麗，開花時，花團錦簇，甚為壯觀。秋季滿樹金黃的葉子，常栽培於庭園供觀賞或作行道樹用。
2. 木材用途：木材堅硬，耐腐力強，色紅而亮，在原產地常被用於家具、舟車、橋樑、電杆、枕木及建築，也作水中用材。",,由數小朵花朵聚成一團甚為壯觀,http://www.zoo.gov.tw/iTAP/04_Plant/Lythraceae/speciosa/speciosa_1.jpg,,,,,,,,,,,,,,,,,,2017/9/4,
大葉溲疏,,,白埔姜、常山、百祥花、大花溲疏、美麗溲疏,"MULTIPOINT ((121.5804577 24.9979216),  (121.5836763 24.9957094))",臺灣動物區；熱帶雨林區,Evergreen deutzia,Deutzia pulchra,虎耳草科Saxifragaceae,溲疏屬Deutzia,分布於菲律賓呂宋島北部及臺灣，在臺灣主要分布於中高海拔山區，蘭嶼也有。,可為灌木或小喬木。葉呈卵形至長橢圓形，質地如皮革，雙面皆有星狀鱗片貼伏，上表面呈暗綠色，下表面則呈淡綠色。花穗可長達15公分，花軸多毛，花朵眾多，花瓣長度12公厘，寬度3公厘，呈白色披針形，雄蕊與花瓣大致等長。,1.園藝用途：花潔白、有淡香味，可作庭植添景樹，花、果枝則供作花材。,,花開後有淡香深受人們喜愛,http://www.zoo.gov.tw/iTAP/04_Plant/Saxifragaceae/pulchra/pulchra_1.jpg,,,,,,,,,,,,,,,,,,2017/9/4,
大艷紅赫蕉,,,大蠍尾蕉、龍蝦爪,MULTIPOINT ((121.5908284 24.9952998)),鳥園區,Red palulu、Macawflower、Balisier,Heliconia bihai ,赫蕉科Heliconiaceae,赫蕉屬Heliconia,原產於北美洲和西印度群島。在巴西北部和瓜亞那相當常見。該植物在潮濕炎熱的氣候下常作為觀賞植物。,單葉對生，長橢圓形，先端漸尖，葉基鈍，全緣葉，革質，葉面翠綠，葉脈中肋清晰，中肋於背面隆起，側脈平行，具長柄，葉鞘包莖，聚繖花序，自莖中抽出花莖，直立狀，苞片排列於花序柄兩側，折疊如船形，花小，花色為黃白或黃綠，蒴果，綠色，囊狀，種子細小。,1.適合庭園叢植、美化。,,大艷紅赫蕉,http://www.zoo.gov.tw/iTAP/04_Plant/Heliconiaceae/bihai/bihai_1.jpg,紅色的花宛如小杯子一樣往上堆疊,http://www.zoo.gov.tw/iTAP/04_Plant/Heliconiaceae/bihai/bihai_2.jpg,,,,,,,,,,,,,,,,2017/9/4,2
小葉王蓮,,,巴拉圭王蓮、阿根廷王蓮、克魯茲王蓮,MULTIPOINT ((121.5843563 24.9951527)),水生植物園,Santa Cruz water lily、Water platter、Yrupe,Victoria cruziana,睡蓮科Nymphaeaceae,王蓮屬Victoria,為熱帶物種的開花植物，原產於南美洲的阿根廷和巴拉圭。此為植物園中普遍受歡迎的水中植物，可生長在較冷的水域。,單葉互生，葉圓形，全緣或有齒，邊緣向上折轉或直立，高7~10公分，葉直徑可達1~3公尺，葉面深綠或綠色，肉質有光澤，無刺網狀脈，葉脈隆起；葉背常深紅色，有突起網狀葉脈，脈上具2~3公分長之尖皮刺，刺為淺褐色；葉柄長，淺褐色，粗壯，密佈粗刺，刺淺褐色。兩性花，單出，生於葉腋處，挺出水面，入夜開花，顏色變淡紅至深紅色。果實為漿果，球形，在水中成熟，結實多，黑色。,"1. 觀賞用：適合水池栽培，常用於植物園、公園等水景佈置。
2. 食用：果實外型如玉米，因而又稱「水中玉米」。種子含多量澱粉、少量蛋白質、脂肪油及微量的鈣、磷、鐵、核黃素、維生素C等養分，在原產地長久以來就被當做食物，用途接近「芡實」。",,表面巨大且漂浮於水面上像一葉扁舟,http://www.zoo.gov.tw/iTAP/04_Plant/Nymphaeaceae/cruziana/cruziana_1.jpg,,,,,,,,,,,,,,,,,,2017/9/4,3
小葉南洋杉,,,南洋杉、異葉南洋杉、諾和克南洋杉,"MULTIPOINT ((121.5847425 24.9949157), (121.5899152 24.9951418), (121.5898441 24.9933781))",水生植物園；鳥園區；溫帶動物區,Norfolk island pine、Star pine,Araucaria heterophylla,南洋杉科Araucariaceae,南洋杉屬Araucaria,外來植物，原產於澳洲外海的諾福克島(Norfolk Island)。樹形優美，為世界知名園景樹種，除了行道樹，亦可種植於盆栽，幼株可充當聖誕樹。,常綠喬木，樹形如同尖塔，側枝水平開展。葉成針狀，但不刺手。毬果呈球形，直徑10~12公分，雌雄異珠，毬果皆長於枝條末端。種子具有翅膀，有利隨風飄散。,"1. 觀賞綠化樹種：為世界最優美的庭園觀賞樹之一，常被栽種為行道樹、公園樹、庭園造景。全株均有臘質被覆保護，對潮風及鹽分的抵抗力極強，適合種植為海岸景觀樹。
2. 木材可供建築、器具、家具等使用。",,小葉南洋杉,http://www.zoo.gov.tw/iTAP/04_Plant/Araucariaceae/heterophylla/heterophylla_1.jpg,葉成針狀柔順但不刺手,http://www.zoo.gov.tw/iTAP/04_Plant/Araucariaceae/heterophylla/heterophylla_2.jpg,,,,,,,,,,,,,,,,2017/9/4,4
小葉桑,,,桑樹、蠶仔葉樹、桑材子、桑仔樹、娘子樹、小桑樹、梁樹、鹽桑仔、雞桑、桑白、野桑、島桑,"MULTIPOINT ((121.5804577 24.9979216), (121.5808258 24.9981769), (121.5805328 24.9959671), (121.582185 24.9984662), (121.5836763 24.9957094), (121.5840572 24.9949801), (121.5855083 24.9951041), (121.5855083 24.9944599), (121.5867072 24.9945377), (121.5897274 24.9950725), (121.5902638 24.9927776), (121.5816861 24.9980966), (121.5819168 24.9978147), (121.5805221 24.9966478), (121.5808976 24.9974476), (121.5819651 24.9993218), (121.5826839 24.9982255), (121.5830863 24.9973285), (121.5836763 24.9957094), (121.5847546 24.9955879), (121.5899205 24.9945669), (121.590929 24.9930645), (121.5831023,24.9970222), (121.5811899 24.9986995))",全園普遍分佈,Small-leaved mulberry、Japanese mulberry、Taiwan mulberry,Morus australis ,桑科Moraceae,桑屬  Morus,分布於中國、韓國、日本、琉球群島、越南、印度、印尼及臺灣，在臺灣廣泛分布，海拔上限為1500公尺。,為落葉小喬木或大型灌木，枝條具有黃灰色的皮孔用於呼吸。葉片長10~15公分，寬6~9公分，呈廣卵形，邊緣呈尖銳鋸齒狀。花朵為單一性別，單一植株只會開特定性別的花。果實俗稱桑椹，長度2~2.5公分，呈長橢圓形，為多顆瘦果組成，成熟呈暗紅色或深紫色。,"1. 庭園造景：作綠籬、庭園美化、盆栽，單植、行植或列植均可。
2. 食用：果可生食，除為野鳥食物，也能製成果汁蜜餞等食品。葉為家?食草。
3. 造紙原料及繩索：取樹皮內皮纖維部份，可作造紙纖維和編製繩索的材料。",,葉片普通不易辨認,http://www.zoo.gov.tw/iTAP/04_Plant/Moraceae/australis/australis_1.jpg,剛長出的桑葚果為嫩綠色,http://www.zoo.gov.tw/iTAP/04_Plant/Moraceae/australis/australis_2.jpg,,,,,,,,,,,,,,,,2017/9/4,
山月桃,,,中位月桃、山月桃仔、紅三七、七葉蓮、小月桃,MULTIPOINT ((121.5804577 24.9979216)),臺灣動物區,Small shellflower,Alpinia intermedia,薑科Zingiberaceae,月桃屬Alpinia,分布於菲律賓、琉球、日本及臺灣，在臺灣分布於海拔300~1000公尺森林底層。,草本植物，植株高度1公尺，終年常綠。葉長25~30公分，寬6~8公分，兩面光滑，邊緣多毛。花穗直立，花軸柔軟，長10~20公分，花穗每條分支開3~4朵花，每朵花有3片花瓣。果實呈球形，橘紅色，表面光滑。,"1. 莖葉有韌性，可做繩索。
2. 花果美觀，可作庭園景觀植物。",,莖葉叢生,http://www.zoo.gov.tw/iTAP/04_Plant/Zingiberaceae/intermedia/intermedia_1.jpg,雪白的花穗中帶著粉紅色格外漂亮,http://www.zoo.gov.tw/iTAP/04_Plant/Zingiberaceae/intermedia/intermedia_2.jpg,,,,,,,,,,,,,,,,2017/9/4,
山芙蓉,,,臺灣芙蓉、狗頭芙蓉、三醉芙蓉、酸芙蓉、臺灣山芙蓉、千面美人、千面女娘、拒霜花,"MULTIPOINT ((121.5804577 24.9979216), (121.5805328 24.9959671), (121.5902638 24.9927776))",臺灣動物區；蟲蟲探索谷；溫帶動物區,Taiwan?cotton-rose,Hibiscus taiwanensis,錦葵科Malvaceae,木槿屬Hibiscus,臺灣特有種，分布海拔上限2000公尺。,灌木，葉柄及花梗有少許短毛。葉長7~9公分，質感類似紙張，呈廣卵形，有3~7裂片，但也有部份葉片並未分裂，葉柄長達10~16公分，表面多毛。花朵直徑6~9公分，形狀類似鈴鐺，單生，開在葉柄與莖的接合處，花瓣寬度4~5公分，接近圓形，表面多毛。果實直徑3.5公分，表面多毛。,"1. 庭園觀賞用：清晨花朵綻放時是白色或粉紅色，到了午後至傍晚凋落前，則轉為紫紅色或粉紅色。
2. 食用：花可食用，沙拉、炒食或油炸均可。
3. 木屐、繩索：木材色白質輕軟，主幹粗大可供製木屐；樹皮含纖維，在野外求生或露宿時，可替代繩索用。",,花朵的形狀乍看下如同芙蓉一般,http://www.zoo.gov.tw/iTAP/04_Plant/Malvaceae/taiwanensis/taiwanensis_1.jpg,,,,,,,,,,,,,,,,,,2017/9/4,
尤加利,,,桉樹、大葉尤加利、蚊子樹、大葉桉,"MULTIPOINT ((121.5840572 24.9949801), (121.5855083 24.9944599), (121.5816861 24.9980966), (121.5826839 24.9982255))",水生植物園；澳洲動物區；溫帶動物區；無尾熊館,Eucalyptus、?blue gum、 gum tree,Eucalyptus spp.,桃金孃科Myrtaceae,桉屬Eucalyptus,為澳洲木本植物中具代表性的樹種。在已知的七百多種桉樹中，絕大多數生長在澳洲，少部分生長於鄰近的紐幾內亞島和印度尼西亞，以及一種遠在菲律賓群島。,常綠植物，一年?有周期性的老葉?落現象。大多數是高大喬木，少數是小喬木，呈灌木狀的很少。樹冠形狀有尖塔形、多枝形和垂枝形等。單葉，全緣，革質，有時被有一層薄蠟質。葉子可分?幼態葉、中間葉和成熟葉三類，大多數的幼態葉是對生的，較小，心臟形或闊披針形。,1.澳洲東部的30至50種桉樹，其樹葉為澳洲特有種動物無尾熊的唯一食物來源。其中細葉桉和脂桉可說是無尾熊的主食，二者約占40 %；大葉桉、小果灰桉和灰桉是次要食物，三者約占40%；樹膠桉、斑桉和白桉更次一級，三者約占20 %；至於山藍桉和赤桉只能算是點心食物，解饞之用。尤其山藍桉是提煉尤加利樹精油的主要來源。,,無尾熊最愛吃的樹葉,http://www.zoo.gov.tw/iTAP/04_Plant/Myrtaceae/spp/spp_1.jpg,,,,,,,,,,,,,,,,,,2017/9/4,
方莖金絲桃,,,絲海棠、土連翹、小汗淋草、小過路黃、小對月草、貫葉連翹、小對葉草、聖約翰草,"MULTIPOINT ((121.5804577 24.9979216), (121.5836763 24.9957094))",臺灣動物區；熱帶雨林區,Four-angled Stem,Hypericum subalatum,金絲桃科Guttiferae,金絲桃屬Hypericum,臺灣特有種，分布於海拔400~900公尺的石灰岩裂縫，如新北市新店、宜蘭龜山島及花蓮縣。,灌木，莖呈方形。葉片沒有葉柄，長2~7公分，寬0.5~1.5公分，呈長橢圓形，上表面具有明顯的灰白色油腺點。枝條末端通常開1~3朵花，葉柄與莖的接合處偶爾會開多達12朵花，花朵直徑2.5公分，花瓣長1~1.2公分，寬6~7公厘，呈黃色；雄蕊具有琥珀色腺體，每朵花有5束雄蕊，每束有15枚雄蕊，共有75枚。果實長7~9公厘，寬3~4公厘，形狀類似狹長的雞蛋或圓柱體。,1. 觀賞用：花朵於四~五月盛開。,,盛開的金絲桃花朵相當搶眼,http://www.zoo.gov.tw/iTAP/04_Plant/Guttiferae/subalatum/subalatum_1.jpg,,,,,,,,,,,,,,,,,,2017/9/4,
日本女貞,,,琉球女貞、女貞木、冬青木、東女貞、女真花、凍青樹、毛貞木、毛女貞、鈍頭女貞、苦丁茶、苦茶葉,"MULTIPOINT ((121.5897274 24.9950725), (121.5902638 24.9927776))",鳥園區； 溫帶動物區,Hairy japanese privet、Japanese privet,Ligustrum japonicum,木樨科Oleaceae,女貞屬Ligustrum,分布於中國、韓國、日本、琉球群島、小笠原群島及臺灣，在臺灣主要分布於北部及中部海拔1000~3000公尺的山區。,灌木，高度可達3公尺。葉長2.5~6公分，寬1.5~3公分，呈廣卵形或長卵形，質地如皮革，光滑無毛，終年維持綠色不落葉。花開在枝條末端，花軸長6~15公分，表面光滑無毛或僅有短茸毛。,"1. 庭園樹、綠籬、盆栽。
2. 食用：新芽及嫩葉可供食用，略帶苦味。
3. 種子可供泡茶飲用：具有強身效果。",,日本女貞,http://www.zoo.gov.tw/iTAP/04_Plant/Oleaceae/japonicum/japonicum_1.jpg,,,,,,,,,,,,,,,,,,2017/9/4,
日本矮竹,,,五葉竹、倭竹、崗姬竹,"MULTIPOINT ((121.5905817 24.9925467),  (121.5832244 24.9969128))",溫帶動物區；保育大道(主軸),Ruscus-leaved bamboo、Okame-zasa,Shibataea kumasasa,禾本科Gramineae,崗姬竹屬 Shibataea　,分布於日本，在臺灣廣泛栽植作為造景植物。,小型竹類，高度僅20~100公分，直徑2~5公厘。竹節非常明顯，節長3~10公分，每節有2~6條柔軟枝條。竹籜質感類似紙張，厚度極薄，邊緣有白色毛。竹葉長0.5~1公分，寬1.2~2.5公分，葉柄長度0.5公分。花穗長15~18公厘，開兩朵花。果實長7公厘，直徑4公厘，呈圓柱狀。,1. 庭栽或盆栽觀賞、綠籬植物。,,低矮型竹類適合作綠籬植物,http://www.zoo.gov.tw/iTAP/04_Plant/Gramineae/kumasasa/kumasasa_1.jpg,,,,,,,,,,,,,,,,,,2017/9/4,5
月桃,,,草蔻、大草蔻、豔山薑、玉桃、良薑、草荳蔻、虎子花,"MULTIPOINT ((121.5804577 24.9979216), (121.5808258 24.9981769), (121.5805328 24.9959671), (121.582185 24.9984662), (121.5836763 24.9957094), (121.5840572 24.9949801), (121.5855083 24.9951041), (121.5855083 24.9944599), (121.5867072 24.9945377), (121.5897274 24.9950725), (121.5902638 24.9927776), (121.5816861 24.9980966), (121.5819168 24.9978147), (121.5805221 24.9966478), (121.5808976 24.9974476), (121.5819651 24.9993218), (121.5826839 24.9982255), (121.5830863 24.9973285), (121.5836763 24.9957094), (121.5847546 24.9955879), (121.5899205 24.9945669), (121.590929 24.9930645), (121.5831023,24.9970222), (121.5811899 24.9986995))",全園普遍分佈,Shell flower、Showy galangal,Alpinia zerumbet,薑科Zingiberaceae,月桃屬Alpinia,分布於中國大陸、海南島、馬來西亞、印尼爪哇島、臺灣、關島及日本,植株高2~3公尺。葉片長60~70公分，寬10~15公分，呈長披針形，葉面光滑，邊緣長有濃密細毛。花穗長25~30公分，有分節，通常下垂，花軸多毛，花梗長1~2公分，每條花梗通常開2朵花，花朵長2.5公分，呈白色或粉紅色。果實呈球狀，成熟時由綠色轉深紅色，會不規則裂開。,"1. 觀賞、插花花材用：花朵似翩翩飛舞的蝴蝶，非常搶眼。
2. 莖狀的葉鞘，曬乾後編製成草蓆或繩索；月桃葉可包粽子；種子做「仁丹」。
3. 蝴蝶幼蟲的食草：有三種蝴蝶的幼蟲以月桃維生，其中黑鳳蝶及大白紋蝶食用它的葉片，而白波紋小灰蝶則取食它的花序。",,與山月桃為叢生生長植物,http://www.zoo.gov.tw/iTAP/04_Plant/Zingiberaceae/zerumbet/zerumbet_1.jpg,花穗外觀如像米穗般,http://www.zoo.gov.tw/iTAP/04_Plant/Zingiberaceae/zerumbet/zerumbet_2.jpg,,,,,,,,,,,,,,,,2017/9/4,
水冬瓜,,,水冬哥、水東哥、水管心、火筒棒、倒吊風、大冇樹,"MULTIPOINT ((121.5808258 24.9981769), (121.5805221 24.9966478), (121.5805328 24.9959671), (121.5840572,24.9949801), (121.5831023,24.9970222))",蕨園；昆蟲館；蟲蟲探索谷；水生植物園；保育大道(主軸),Oldham's Saurauia,Saurauia oldhamii ,獼猴桃科Actinidiaceae,水冬瓜屬Saurauia,分布於中國南部、琉球及臺灣，在臺灣分布於海拔300~1700公尺的闊葉林。,可為小喬木或灌木，終年常綠，幼小枝條表面多毛。葉長15~20公分，寬6~8公分，呈披針形至倒披針形，上表面光滑無毛，葉柄柔軟，長2~3公分。花朵直徑僅1公分，花梗長度僅4公厘，每朵花有5枚花瓣，3枚雌蕊。果實為白色球形莓果，厚1公分。,1. 食用：果實成熟時會呈現晶瑩剔透的乳白色，咬下去感覺溼溼粘粘的但味道甜美，原住民戲稱為「好吃的鼻涕」。根可以治腹痛、感冒；將嫩葉搗碎還可以用來治刀傷、火傷和跌打損傷。,,果實可當緊急野果食用,http://www.zoo.gov.tw/iTAP/04_Plant/Actinidiaceae/oldhamii/oldhamii_1.jpg,,,,,,,,,,,,,,,,,,2017/9/4,
水車前,,,龍舌草、水車前草、水白菜,MULTIPOINT ((121.5845883 24.9950057)),水生植物園,Water-plantain ottelia,Ottelia alismoides,水鱉科Hydrochiaritaceae,水鱉屬Hydrocharis,分布於澳洲、馬來西亞、琉球群島至日本。靜止或流動淡水域皆可適應，全株沉在水面下。,一年生沉水草本。葉形變化多端，有線形、湯匙形、披針形、卵形或心形。花穗長度4公分，花朵長度2.5~3.5公分，寬度1.7~1.9公分，每朵花有3片花瓣，形狀類似倒立的雞蛋，上表面呈淡紫色，下表面呈黃色。每朵花有3枚雄蕊及3枚雌蕊，但雌蕊偶有4或6枚。果實長度2~4.5公分，呈窄橢圓形。,1. 全草可作土壤改良之用，適應力強，為良好的飼料及綠肥、覆蓋作物。,,葉形變化多端,http://www.zoo.gov.tw/iTAP/04_Plant/Hydrochiaritaceae/alismoides/alismoides_1.jpg,,,,,,,,,,,,,,,,,,2017/9/4,6
水黃皮,,,九重吹、水流豆、臭腥仔、鳥樹、重吹舅、掛錢樹、野豆,"MULTIPOINT ((121.5804577 24.9979216), (121.5808258 24.9981769), (121.582185 24.9984662), (121.5836763 24.9957094), (121.5855083 24.9944599), (121.5867072 24.9945377), (121.5811899 24.9986995))",臺灣動物區；蕨園；兒童動物區；熱帶雨林區；澳洲動物區；非洲動物區；門內外廣場,Poonga-oil tree、Poongaoil、Poongaoil pongamia、Pongam oiltree、Pongamia,Pongamia pinnata,蝶形花科Papilionaceae,水黃皮屬Pongamia,分布於印度、馬來西亞、中國南部、琉球群島至澳洲北部。在臺灣主要分布於南部濱海。,半落葉中型喬木。整片葉長30公分，寬20公分，分出5~7片小葉，小葉數量通常為奇數，長度6~10公分，寬度3~5公分，呈卵形或長橢圓形，質感類似薄皮革，雙面光滑無毛，邊緣呈波浪狀。花穗長在葉柄與莖的接合處，花朵呈淡紫色。果莢長度4~7公分，寬度2.5~3公分，呈扁平鐮刀狀，質感等同木材，不會開裂，內僅含1顆種子，少有2顆。,"1. 優良水土保持樹種：其生長快速，生性強健，樹冠傘形，枝葉濃密，抗風、耐乾旱，適合種為海岸護堤、防風林使用。 
2. 園藝景觀用：樹姿優美，其淡紫色花多成串密生，頗具觀賞價值，為行道樹和公園、庭園景觀樹種。",,樹冠茂密可遮蔭乘涼,http://www.zoo.gov.tw/iTAP/04_Plant/Papilionaceae/pinnata/pinnata_1.jpg,扁平鐮刀狀的果實,http://www.zoo.gov.tw/iTAP/04_Plant/Papilionaceae/pinnata/pinnata_2.jpg,,,,,,,,,,,,,,,,2017/9/4,
冇骨消,,,臺灣蒴藋、蒴藋、七葉蓮、七珊瑚花、珊瑚花、陸英、接骨草,"MULTIPOINT ((121.5804577 24.9979216), (121.5805328 24.9959671), (121.5805221 24.9966478))",臺灣動物區； 蟲蟲探索谷；昆蟲館,Formosanum elderberry,Sambucus chinensis,五福花科 Adoxaceae,接骨木屬 Sambucus,灌木狀草本植物，分布於中國華東、華中、華南、西南等地的山地，多生長於海拔300~2600公尺的山坡、林下或草叢。,多年生常綠灌木，株高3公尺。葉片長度7~20公分，寬度2~5公分，分出3~5片小葉，小葉數量通常為奇數，光滑無毛，上表面顏色較深。花穗具有短毛，部份花朵具有黃色圓柱狀或壺型的蜜腺，花朵僅單一性別，但同一花穗可同時開出雌雄花。果實呈紅色球狀，多肉，果核內有3顆種子。,1.蜜源植物：是本土固有植物中最重要的蜜源植物。2.野外求生植物：嫩莖葉可食。,,花生長於葉片上方以利花粉傳播,http://www.zoo.gov.tw/iTAP/04_Plant/Adoxaceae/chinensis/chinensis_1.jpg,,,,,,,,,,,,,,,,,,2017/9/4,
臺灣山菊,,,橐吳、大吳風草、八角烏、活血蓮、金缽盂、獨角蓮、一葉蓮、大馬蹄香、大馬蹄、鐵冬莧、馬蹄當歸,"MULTIPOINT ((121.5808258 24.9981769), (121.5805328 24.9959671), (121.5836763 24.9957094))",蕨園；蟲蟲探索谷；熱帶雨林區,Taiwan leopard plant、Green leopard plant,Farfugium japonicum,菊科Asteraceae,山菊屬 Farfugium,分布於日本、琉球。本島產於中低海拔山區，陽明山地區及基隆火山群地區均十分常見。,莖可能幾乎無毛或具有灰褐色長毛。葉長度6~30公分，寬度4~15公分，呈腎形，葉柄長達10~38公分，從根而非莖長出。開花的莖長度30~75公分，花的排列模式稱為頭狀花序，直徑4~6公分。花形可分為舌頭狀及管狀，舌狀花長度5~6公分，寬度3~4公分，管狀花長度僅11~12公厘。果實長度5~6.5公厘，呈圓柱狀，乾燥，多毛，每顆果實僅有一顆種子，種子長有類似蒲公英的冠毛，長度8~11公厘，呈暗褐色。,1. 園藝觀賞：中、大品盆花或庭園、花壇景觀，觀花及觀葉都適合。,,花朵相當鮮艷,http://www.zoo.gov.tw/iTAP/04_Plant/Asteraceae/Farfugium/Farfugium_1.jpg,臺灣山菊,http://www.zoo.gov.tw/iTAP/04_Plant/Asteraceae/Farfugium/Farfugium_2.jpg,,,,,,,,,,,,,,,,2017/9/4,
臺灣山蘇花,,,臺灣巢蕨、鳥巢蕨、雀巢蕨、歪頭菜、鳥巢羊齒、雀巢羊齒、山蘇、山蘇花,"MULTIPOINT ((121.5804577 24.9979216), (121.5808258 24.9981769), (121.5805328 24.9959671), (121.5836763 24.9957094), (121.5805221 24.9966478), (121.5831023 24.9970222), (121.5811899 24.9986995))",臺灣動物區；蕨園；蟲蟲探索谷；熱帶雨林區；昆蟲館；保育大道(主軸)；門內外廣場,Bird's nest fern,Asplenium nidus L.,鐵角蕨科Aspleniaceae,鐵角蕨屬 Asplenium,分布自非洲大陸至波里尼西亞。臺灣產於海岸至1000公尺山區。本園山溝樹木上或岩石上皆可見。本種俗稱鳥巢蕨，其根部可蒐集府腐植質圍繞樹幹。已有栽培作為蔬菜用。,大型附生植物，莖粗短肥厚直立。葉叢生在莖頂，排列成鳥巢狀，可攔截掉落的水份、落葉、糞便及屍體，目的是在遠離土壤的環境求生存。葉長度100~150公分，寬10~15公分，呈長橢圓形，邊緣平滑沒有鋸齒。葉背面可見排列呈長線形的孢子囊群，其長度僅葉中軸至邊緣距離的一半以下。,"1. 盆栽、寄植觀賞等。其葉為優良花材。
2. 其芽搗碎可敷創傷。
3. 捲曲嫩葉可炒、煮食，亦可以煮稀飯和做泡菜。",,臺灣山蘇花,http://www.zoo.gov.tw/iTAP/04_Plant/Aspleniaceae/nidus/nidus_1.jpg,,,,,,,,,,,,,,,,,,2017/9/4,
臺灣水韭,,,臺灣水?,MULTIPOINT ((121.5846124 24.9950069)),水生植物園,Taiwan Quillwort,Isoetes taiwanensis,水韭科 Isoetaceae,水韭屬 Isoetes,為臺灣本土珍稀的特有植物之一，其自然棲息地僅存七星山夢幻湖而已。本園水生植物園雖也有，但數量不多。,莖呈球狀，類似洋蔥，埋在池沼底泥中。葉片叢生，一叢可有15~90片葉，葉片長度5~25公分，葉形細長，每片葉只有一條葉脈且葉脈不分岔。孢子囊直徑0.28~0.39公厘，呈灰白色，位於葉片下部膨大處。,1. 常被做水生綠化植物用。,,珍貴程度如同紅皮書中的瀕臨動物,http://www.zoo.gov.tw/iTAP/04_Plant/Isoetaceae/Quillwort/Quillwort_1.jpg,,,,,,,,,,,,,,,,,,2017/9/4,7
臺灣油點草,,,石溪蕉、石水蓮、竹葉草、黑點草、溪蕉莧、溪蕉、仙女花、油點草、金石松、金尾蝶,"MULTIPOINT ((121.5803799 24.9949899), (121.5845655 24.9950385))",蟲蟲探索谷；水生植物園,Taiwan toad lily,Tricyrtis formosana,百合科 Asparagaceae,油點草屬Tricyrtis,"為臺灣的特有植物。分布於臺灣海拔800公尺至3,000公尺的地區，多生於林中陰濕地、灌叢中以及山坡。因花型美觀，有少量人工栽培作園藝用。",莖長度50~80公分。葉片長度8~13公分，寬度2.5~3.5公分，呈倒披針形，上表面平滑，呈亮綠色，具有散落的油點，下表面則有短毛，邊緣呈鋸齒狀。花穗呈喇叭狀，其表面多毛，花朵呈紫白色，具有紫紅色斑點，每朵花有6片花瓣，呈披針形或到披針形。,1. 可作為藥用植物，治扁桃腺炎、清熱利尿、舒肝潤肺、解毒消腫。,,臺灣油點草,http://www.zoo.gov.tw/iTAP/04_Plant/Asparagaceae/formosana/formosana_1.jpg,,,,,,,,,,,,,,,,,,2017/9/4,8
臺灣金狗毛蕨,,,金狗毛、狗脊、菲律賓金狗毛蕨、金毛狗脊、金狗毛蕨、金狗脊、黃狗頭、百枝,"MULTIPOINT ((121.5804577 24.9979216), (121.5808258 24.9981769), (121.5805328 24.9959671), (121.5831023 24.9970222))",臺灣動物區；蕨園；蟲蟲探索谷；保育大道(主軸),Taiwanense Cibotium,Cibotium taiwanense,蚌殼蕨科 Dicksoniaceae,金狗毛蕨屬Cibotium,臺灣特有種，全島中海拔以下山區，喜著生於陰濕之岩壁，林道兩旁，以往低海拔淺山或田野常見，以北部最多，現因濫墾、濫採結果，族群數量已急劇減少中。,葉叢生，葉柄長約120公分，葉柄及葉軸綠色，葉片長150~300公分，薄革質，三回羽狀深裂，羽片具柄，基部兩側不對稱。孢子囊群著生於相鄰兩末裂片缺刻內，每一缺刻至多2~3對，孢子蚌殼狀，革質。,1.園藝綠化美化用：外形柔美，深具觀賞價值，極適合點綴山石園景布置用。,,臺灣金狗毛蕨,http://www.zoo.gov.tw/iTAP/04_Plant/Dicksoniaceae/taiwanense/taiwanense_1.jpg,,,,,,,,,,,,,,,,,,2017/9/4,
臺灣野牡丹藤,,,蔓野牡丹、藤野牡丹、臺灣酸腳杆,"MULTIPOINT ((121.5804577 24.9979216), (121.5836763 24.9957094), (121.5831023 24.9970222))",臺灣動物區；熱帶雨林區；保育大道(主軸),Formosan Medinilla、Taiwan Medinilla,Medinilla formosana,野牡丹科Melastomataceae,酸腳杆屬Medinilla,原本僅見於恆春半島及臺東大武一帶低海拔森林中的物種，目前透過栽培技術下可在許多植物園區內見到。,葉輪生或對生，葉倒卵狀披針形、長盾圓狀倒卵形，長10~20公分，寬3~10公分，先端銳尖或短尾狀，基部圓或鈍，革質，表面呈有光澤綠色，背面顏色較淡。花多數頂生，白色但有時帶粉紅色，多為4~6枚排列呈繖形花序，然後再由多數的繖形花序排列為圓錐花序狀，成串聚集。果實為球形，漿果狀，成熟時呈暗紅色到紫黑色。,"1. 庭園點綴、盆栽觀，賞期可達四個月之久，為非常好的室內盆栽花卉。
2. 果枝可做插花用花材。",,漿果成串生長,http://www.zoo.gov.tw/iTAP/04_Plant/Melastomataceae/Medinilla/Medinilla_1.jpg,,,,,,,,,,,,,,,,,,2017/9/4,
臺灣桫欏,,,桫欏、筆筒樹、木羊齒、山大人,"MULTIPOINT ((121.5808258 24.9981769), (121.5805328 24.9959671), (121.5836763 24.9957094), (121.5831023 24.9970222), (121.5811899 24.9986995))",蕨園；蟲蟲探索谷；熱帶雨林區；保育大道(主軸)；門內外廣場,Large spiny tree fern,Alsophila spinulosa (Hook.) Tryon,桫欏科Cyatheaceae,桫欏屬 Cyathea,分布尼泊爾、印度、緬甸、中國大陸、日本等地，本島可分至海拔2000公尺，本園各山坡上相當常見。本種為亞熱帶雨林指標植物，在臺灣東北部常和筆筒樹形常所謂的樹蕨林，代表多雨潮濕的生態環境，亦是不錯的景觀樹種。,大型樹蕨類，樹高可達6公尺，葉柄宿存，具刺，葉長30~40公分。葉片三回羽狀深裂或三回羽狀複葉，羽片長45~60公分，葉軸、羽軸及中肋均具刺。孢子囊群圓形，在羽軸兩側各排一列，呈苞膜球形。,"1. 莖幹的質地堅硬耐久，可作為蓋香菇寮、蔭棚和花房的材料。
2. 樹冠整齊，可做園景植物，是絕佳的觀賞美化樹種。
3. 嫩芽和髓心都可食，為早期原住民傳統的美味野菜，也是野外的求生植物。",,羽葉從中向外開展十分優美,http://www.zoo.gov.tw/iTAP/04_Plant/Cyatheaceae/spinulosa/spinulosa_1.jpg,,,,,,,,,,,,,,,,,,2017/9/4,
臺灣萍蓬草,,,水蓮花、萍蓬草、臺灣川骨,"MULTIPOINT ((121.5843496 24.9951515), (121.5817451 24.9980091))",水生植物園；白手長臂猿島,Yellow Water Lily,Nuphar shimadae,睡蓮科 Nymphaeaceae,萍蓬草屬 Nuphar,為臺灣最具代表性的水生植物，也是臺灣原生種水生之一被列為瀕臨絕種的水生植物，目前分布多在桃園龍潭、楊梅一帶。,葉叢生，柄長15~40公分，葉片漂浮水面或高於水面，無水或淺水亦能支撐空中，長橢圓形或闊卵形，長8~12公分，寬7~9公分，全緣，邊緣有一缺刻深裂至中央，前端圓，基部心形或箭狀心形，上表面光滑，深綠色，下表面有毛。花鮮黃色。漿果壺形，長約2公分，寬約1.5公分，種子卵形，草綠色，有如小形的綠豆。,1. 花色金黃顯目，適於大型水盆或水池栽培觀賞用。,,臺灣萍蓬草,http://www.zoo.gov.tw/iTAP/04_Plant/Nymphaeaceae/shimadae/shimadae_1.jpg,,,,,,,,,,,,,,,,,,2017/9/4,9
臺灣欒樹,,,苦苓舅、苦楝舅,"MULTIPOINT ((121.5804577 24.9979216), (121.582185 24.9984662), (121.5836763 24.9957094), (121.5855083 24.9951041), (121.5867072 24.9945377), (121.5902638 24.9927776), (121.5805221 24.9966478), (121.5831023 24.9970222))",臺灣動物區；兒童動物區；熱帶雨林區；沙漠動物區；非洲動物區；溫帶動物區；昆蟲館；保育大道(主軸),Flame gold-rain tree 、Taiwan golden-rain tree、Gloden rain tree、Flamegold,Koelreuteria henryi Dumm.,無患子科Sapindaceae,欒樹屬 Koelreuteria,臺灣原產，本園各區普遍栽植。由於其開花至果熟期樹冠顏色甚有變化，饒富觀賞價值，故為極佳庭園、行道樹種。,落葉喬木，幹直立。葉互生，二回奇數或偶數羽狀複葉，小葉10~13枚，紙質，鋸齒緣。蒴果表面具3翅，粉紅色，膨大成氣囊狀。種子球形，黑色。花期9-10月，果期10-12月。,"1. 樹姿優美，花色多變化，是優良的園藝樹種。
2. 木材黃白色，質脆易開裂，可為板材和家具用材。",,多為園藝景觀樹與行道樹,http://www.zoo.gov.tw/iTAP/04_Plant/Sapindaceae/henryi/henryi_1.jpg,遠看蒴果，似乎樹上掛著小燈罩,http://www.zoo.gov.tw/iTAP/04_Plant/Sapindaceae/henryi/henryi_2.jpg,花瓣鮮豔格外引人注目,http://www.zoo.gov.tw/iTAP/04_Plant/Sapindaceae/henryi/henryi_3.jpg,,,,,,,,,,,,,,2017/9/4,
巨花馬兜鈴,,,大鵜鶘花,MULTIPOINT ((121.584072 24.9953095)),水生植物園,Pelican Flower,Aristolochia gigantea,馬兜鈴科Aristolochiaceae,馬兜鈴屬Aristolochia,原產於加勒比地區和中美洲，生長在溪流和溝渠的熱帶森林裡，可用於吸引蝴蝶的花卉植物。,木質藤本常綠植物。老莖粗糙，嫩莖光滑無毛。葉互生，卵狀心形全緣，頂端短銳尖，基部具葉柄。單花腋生，花被1片，基部膨大如兜狀物，其上有一隘縮的頸部，頂部擴大如旗狀，佈滿紫褐色斑點或條紋，長約40公分、寬約25公分。花期為6-11月。,1. 觀賞植物：開花後花朵碩大而作為觀賞性植物。,,花朵碩大而得名,http://www.zoo.gov.tw/iTAP/04_Plant/Aristolochiaceae/gigantea/gigantea_1.jpg,,,,,,,,,,,,,,,,,,2017/9/4,10
心基葉溲疏,,,心葉溲疏、小葉溲疏,MULTIPOINT ((121.5810773 24.9978645)),臺灣動物區,Heartleaf Deutzia,Deutzia cordatula ,虎耳草科Saxiferagaceae,溲疏屬Deutzia,臺灣特有種，分布全島低中海拔之原始森林。雖然臺灣天然生育地廣泛，但族群數量卻極罕的植物之一。,落葉性小灌叢，枝細對生，全株多星毛或柔毛。單葉對生，膜質或薄紙質，卵形或橢圓形，長5~8公分，寬2~3公分，先端漸尖，基部圓或鈍細鋸齒緣，葉表面粗糙，背蒼白，兩面均具星狀毛，側脈每邊5~6對明顯，柄長。頂生花穗，長6公分。蒴果3~5室，開裂，近球形頂截形，徑0.35公分，種子多，形狀由圓至橢圓。,1.園藝栽培觀賞用植物。,,,,,,,,,,,,,,,,,,,,,2017/9/4,11
白鶴蘭,,,石上蕉、肉連環、三褶蝦脊蘭、雙叉蝦脊蘭、白花根節蘭、短柱根節蘭、白蝦脊蘭,"MULTIPOINT ((121.5807621 24.9979812), (121.5829481 24.9971401))",臺灣動物區;保育大道(主軸),Triplicate Calanthe、White Crane Orchid、White Calanthe,Calanthe triplicata,蘭科 Orchidaceae,根節蘭屬Calanthe,原產於臺灣海拔1000公尺以下山區，目前在亞洲各地可見到其植物的栽培種，野生的數量則相對減少，得走到人跡較為罕見的山區才能發現。,葉3~7枚，狹長橢圓形至卵狀橢圓形，葉面有光澤，葉緣有波紋，長30~60公分，寬6~15公分，紙質，兩端均漸尖形，背面略有毛茸，具長柄。總狀花序，花自叢生開放葉中抽生，長40~80公分，著花30~80朵，花徑約3公分，苞片卵狀披針形反卷，花為白色或乳黃色，先端帶綠色，多數，闊開張形，花期為6~8月。,1. 觀賞用：適合盆栽或庭園蔭地栽植作觀賞花卉。,,白鶴蘭,http://www.zoo.gov.tw/iTAP/04_Plant/Orchidaceae/triplicata/triplicata_1.jpg,,,,,,,,,,,,,,,,,,2017/9/4,12
石葦,,,石劍、飛刀劍、石皮、金星草、石蘭、生扯龍,"MULTIPOINT ((121.5805851 24.9982741), (121.5825981 24.9976287))",臺灣動物區;保育大道(主軸),Felt fern、Tongue fern,Pyrrosia lingua,水龍骨科Polypodiaceae,石葦屬Pyrrosia,分布日本、琉球、臺灣、中國大陸及越南。可見於山林內乾燥石頭及樹幹上或人類住家屋頂上皆可生長。本園公務門入口處大芒果樹上與野外動植物觀察區步道旁皆可見之。,多年生，根莖長匍匐狀，有如鐵絲，粗約3公厘，被有許多覆瓦狀的扁壓鱗片。葉柄基部具有關節，葉片革質，披針形或卵狀披針形，全緣，表面暗綠色，背面淡褐色，且被有星狀毛茸。孢子囊群圓形，紅褐色，有時全面著生，有時僅限於葉片上半部。,1. 園藝觀賞植物：植株型態特殊，為良好的觀景植物。,,攀附性植物,http://www.zoo.gov.tw/iTAP/04_Plant/Polypodiaceae/lingua/lingua_1.jpg,孢子囊群集中於葉子背面先端,http://www.zoo.gov.tw/iTAP/04_Plant/Polypodiaceae/lingua/lingua_2.jpg,仔細一看，顆粒分明,http://www.zoo.gov.tw/iTAP/04_Plant/Polypodiaceae/lingua/lingua_3.jpg,,,,,,,,,,,,,,2017/9/4,13
竹葉蘭,,,中國鳥仔花、葦草蘭、鳥仔花,MULTIPOINT ((121.5811671 24.9980286)),臺灣動物區,Bamboo Orchid,Arundina graminifolia,蘭科 Orchidaceae ,鳥仔蘭屬 Arundina或葦草蘭屬 Arundina,生長於1000公尺以下的山區或平地，在陽光充足的山坡、田野或田壟可以看到，常與禾草混生使人誤認為禾本科草類。,葉線狀披針形，薄革質或堅紙質，長8~20公分，寬0.3~1.5公分，先端漸尖，基部具圓筒狀的鞘，鞘抱莖，長2~4公分。花序長2~8公分，總狀或基部有1~2個分枝而成圓錐狀，具2~10朵花，每次僅開1朵。蒴果近長圓形，長約3公分，寬0.8~1公分。花期為9~11月，但1~4月也有。,1. 園藝觀賞植物或做切花。,,紫花開在綠葉之上宛如夜晚綻放的燈火,http://www.zoo.gov.tw/iTAP/04_Plant/Orchidaceae/graminifolia/graminifolia_1.jpg,竹葉蘭,http://www.zoo.gov.tw/iTAP/04_Plant/Orchidaceae/graminifolia/graminifolia_2.jpg,竹葉蘭,http://www.zoo.gov.tw/iTAP/04_Plant/Orchidaceae/graminifolia/graminifolia_3.jpg,,,,,,,,,,,,,,2017/9/4,14
尾葉實蕨,,,大實蕨、長葉實蕨,"MULTIPOINT ((121.5808144 24.998206), (121.5831171 24.9968958))",蕨園;保育大道(主軸),Longleaf bolbitis,Bolbitis heteroclita,蘿蔓藤蕨科 Lomariopsidaceae,刺蕨屬 Bolbitis,分布在尼泊爾、印度、緬甸、泰國，臺灣僅見於龜山島、蘭嶼和南仁山地區。生長在林下溪谷地區，為岩生或地生。,根莖長，具攀爬性，徑6~7公厘粗，植株相距約1公分。幼葉常只有一對側羽片，成葉則有3~5對。葉緣缺刻無齒狀刺，葉軸和羽軸具鱗片。柄15~60公分長，頂羽片披針形，末端有具根的不定芽。孢子囊群全面著生。,無,,如同一張綠色的地毯,http://www.zoo.gov.tw/iTAP/04_Plant/Lomariopsidaceae/heteroclita/heteroclita_1.jpg,,,,,,,,,,,,,,,,,,2017/9/4,15
杜虹花,,,臺灣紫珠 、小粗糠樹、痰火樹、紅粗糠、白粗糠,"MULTIPOINT ((121.5804577 24.9979216), (121.5805328 24.9959671), (121.5836763 24.9957094), (121.5805221 24.9966478))",臺灣動物區；蟲蟲探索谷；熱帶雨林區；昆蟲館, Formosan beauty- berry,Callicarpa formosana,唇形科Lamiaceae,紫珠屬Callicarpa,原產於熱帶亞洲、臺灣以及中國大陸南部。臺灣全島各地低海拔亞熱帶次生林1800公尺以下山區。,單葉對生，有橢圓形、卵狀橢圓形、寬卵形、倒卵形或長圓狀披針形，形狀變異大，毛紙質，先端漸尖，基部圓形、楔形或鈍，葉緣細鋸齒狀或僅有小尖頭，表面疏被短硬毛及星狀毛，後因毛脫落變為質感粗糙，背面具細小的黃色腺點及被灰黃色星狀毛，主脈、側脈及網脈於背面隆起，葉柄粗壯，被黃褐色星狀毛，長約0.8~1公分。花小型，聚繖花序，腋生，披黃褐色星狀毛，直徑約3~4公分。果實為漿質核果，球形，徑約0.2~0.3公分，未熟時綠色，成熟時變為亮紫色。,1. 花果可做為觀賞用。,,遠看似乎不比其他植物顯眼,http://www.zoo.gov.tw/iTAP/04_Plant/?Lamiaceae/Callicarpa/Callicarpa_1.jpg,果實鮮豔較易吸引鳥類昆蟲前來覓食,http://www.zoo.gov.tw/iTAP/04_Plant/?Lamiaceae/Callicarpa/Callicarpa_2.jpg,,,,,,,,,,,,,,,,2017/9/4,
姑婆芋,,,山芋頭、天荷、木芋頭、野芋頭、觀音蓮、海芋、滴水芋,"MULTIPOINT ((121.5804577 24.9979216), (121.5808258 24.9981769), (121.5805328 24.9959671), (121.5836763 24.9957094), (121.5897274 24.9950725), (121.5902638 24.9927776), (121.5816861 24.9980966), (121.5831023 24.9970222))",臺灣動物區；蕨園；蟲蟲探索谷；熱帶雨林區；鳥園區；溫帶動物區；白手長臂猿島；保育大道(主軸),Night scented lily、Giant upright elephant ear、Asian taro,Alocasia odora,天南星科Araceae,姑婆芋屬Alocasia,原產於臺灣、東南亞、南洋群島與澳洲，海拔2000公尺以下山區林、河邊或陰濕的荒地。,葉片半盾狀生或廣卵狀心形，先端銳尖，全緣，長可達1公尺，葉柄長，略包莖，葉鞘基部可積水。莖幹高可達3公尺；莖肉質粗壯呈圓柱形。花為肉穗花序，外有一大型綠色佛焰苞，開展成舟型，如同觀音座像。佛燄苞片粉綠色；雌蕊在下，雄蕊在上，中央為中性花，最上面是附屬物。果實：漿果，球形，紅色，花萼宿存，通常有種子。,"1. 庭園造景用：常被當作觀葉植物而廣泛栽培。
2. 包裝用：塑膠袋未普及的年代，民間採摘姑婆芋的葉子，當作魚類、肉類的包裝食材。
3. 藥用：根莖搗爛，可外敷腫毒。",,葉片可當成雨傘,http://www.zoo.gov.tw/iTAP/04_Plant/Araceae/odora/odora_1.jpg,造景上具有綠化作用,http://www.zoo.gov.tw/iTAP/04_Plant/Araceae/odora/odora_2.jpg,,,,,,,,,,,,,,,,2017/9/4,
拎壁龍,,,風不動藤、白珠藤、蜈蚣藤、春根藤、穿根藤、蔓九節、匍匐九節、拎樹龍、木頭疳,"MULTIPOINT ((121.5807179 24.9981027), (121.5805583 24.9959902))",臺灣動物區;蟲蟲探索谷,Creeping psychotria,Psychotria serpens,茜草科Rubiaceae,九節木屬 Psychotria,分布印度、中國大陸南部、琉球、日本。臺灣中、低海拔森林內樹幹上或陰涼石壁處。本園於各登山步道旁樹幹上，普遍可見。,著生攀爬植物，植株光滑。葉橢圓形或倒橢圓形，長2~4公分，寬1~2公分，兩端銳尖，葉表面呈綠色，乾燥時有些呈紅色。聚繖花序自老枝的枝端伸出，果實為核果球形，徑6~8公厘，成熟時呈現白色。種子2粒，棕色且有稜。,1. 觀賞植物：庭植添景，多搭配石景和大樹幹，亦可單做盆栽種植，適宜寄植。,,具有綠化功能,http://www.zoo.gov.tw/iTAP/04_Plant/Rubiaceae/serpens/serpens_1.jpg,,,,,,,,,,,,,,,,,,2017/9/4,16
杯狀蓋骨碎補,,,杯狀蓋陰石蕨、杯蓋陰石蕨、骨碎補、猴薑、兔腳蕨,MULTIPOINT ((121.5806602 24.9981757)),臺灣動物區,Griffith Humata,Davallia griffithiana,骨碎補科 Davalliaceae,骨碎補屬 Davallia,分布於印度北部、中國大陸西南部、臺灣全島低海拔地區，常見其生長在林緣巨岩之上，偶爾生長於樹幹上。偏好高溫多濕的環境，最適溫介於攝氏22度至30度。,葉遠生，柄長10~15公分，淺棕色，上面有淺縱溝，光滑。葉片五角狀卵形，長16~25公分，寬14~18公分，先端漸尖，裂片全緣，先端尖或有小缺刻。葉脈不甚明顯，側脈單一或分叉直達葉邊。孢子囊群生於裂片上側小脈頂端，每裂片1~3枚。孢膜寬杯形，兩側邊著生葉面，棕色有光澤。,1. 園藝造景：植株造型清新，橫走的根莖部位粗肥，讓崖壁邊坡更添綠意。,,杯狀蓋骨碎補,http://www.zoo.gov.tw/iTAP/04_Plant/Davalliaceae/griffithiana/griffithiana_1.jpg,,,,,,,,,,,,,,,,,,2017/9/4,17
肯氏南洋杉,,,花旗杉、南洋杉,"MULTIPOINT ((121.5804577 24.9979216), (121.582185 24.9984662), (121.5902638 24.9927776))",臺灣動物區；兒童動物區；溫帶動物區,Hoop pine、Moreton bay pine、Colonial pine,Araucaria cunninghamii,南洋杉科Araucariaceae,南洋杉屬Araucaria,原產於澳洲及新幾內亞熱帶雨林中，於1901年引入臺灣，因樹型強健且自然優美，為國人喜愛的庭園造景植物。,葉互生，螺旋狀排列，葉片二型，著生營養枝上者，排列疏鬆，葉片針形、扁平，長6~12公分，先端銳尖。著生老樹幹或花果枝上者，排列緊密，葉片卵形或三角狀卵形，上面扁平，背面微凹，基部菱形，先端尖，兩面均全緣，有氣孔線，呈針刺狀密生。單性花，頂生，雌雄異株。花期為3~5月。果實為毬果，闊卵形，長7~9公分，由多數木質果鱗螺旋狀排列組成，果鱗寬楔形，先端銳尖而向外反捲，兩側均具闊翅，基部著生有種子一枚，種子兩側具膜質翅與果鱗結合而成。,"1. 園藝植栽：是優良的庭園樹種。
2. 木材：可作為建築小木屋的木板材料，且在原產地樹木樹酯用途廣泛。",,肯氏南洋杉,http://www.zoo.gov.tw/iTAP/04_Plant/Araucariaceae/cunninghamii/cunninghamii_1.jpg,,,,,,,,,,,,,,,,,,2017/9/4,
金鳥赫蕉,,,倒垂赫蕉、五彩赫蕉,MULTIPOINT ((121.5910859 24.995267)),鳥園區,Hanging lobster-claws、False bird of paradise,Heliconia rostrata,旅人蕉科 Strelitziaceae,蝎尾蕉屬(赫蕉屬) Heliconia,原產於南美洲秘魯與亞馬遜河流域當中，株高可超過2公尺，喜歡森林底層陽光充足的區域，全年都可開花。因植株巨大，全球廣泛栽培作為庭園景觀應用。,葉片從極短的地上莖盤疊合狀對生，兩側排列，有長柄，質地堅硬，中央有縱槽溝，葉片長橢圓形，長35~50公分，寬10~15公分，革質，側生整齊為平行葉脈，葉面翠綠，葉脈中肋清晰，於背面隆起，兩面密被毛茸，葉鞘包莖。蠍尾狀聚繖花序，果實為蒴果，綠色，如囊狀物，種子細小。,"1. 庭園種植、美化環境。
2. 花材用：因花色艷麗，被作為插花高級花材。",,金鳥赫蕉,http://www.zoo.gov.tw/iTAP/04_Plant/Strelitziaceae/rostrata/rostrata_1.jpg,,,,,,,,,,,,,,,,,,2017/9/4,18
長葉腎蕨,,,尖羊齒,"MULTIPOINT ((121.5804577 24.9979216), (121.5808258 24.9981769), (121.5805328 24.9959671), (121.5836763 24.9957094), (121.5831023 24.9970222), (121.5811899 24.9986995))",臺灣動物區；蕨園；蟲蟲探索谷；熱帶雨林區；保育大道(主軸)；門內外廣場,Sword fern,Nephrolepis biserrata,蓧蕨科Oleandraceae,腎蕨屬 Nephrolepis,分布中國、印度、越南、琉球、日本、馬來西亞及越南群島。園內鳥園後方山坡可見到，因成片著生，覆蓋而下如同綠色瀑布，十分清麗宜人。,葉叢生於短莖上，下垂，一回羽狀複葉，羽葉長1~2公尺，羽片基部沒有膨大的葉枕構造，葉片邊緣為鋸齒緣，每個鋸齒中還有鋸齒。小羽片長8-18公分，革質。根莖直立而粗短，並向外延伸出長匍匐莖。孢子囊群具有腎臟形的鱗片狀孢膜。,"1. 水土保持：有發達的走莖，及葉片具有下垂性，可覆蓋整個山壁或樹幹。
2. 食用：其嫩葉有球形的儲水器，具止渴、解飢、除熱的效果，口感可比山蘇美味。",,葉長可遮蓋大片地面有利水土保持,http://www.zoo.gov.tw/iTAP/04_Plant/Oleandraceae/biserrata/biserrata_1.jpg,,,,,,,,,,,,,,,,,,2017/9/4,
阿勃勒,,,黃金雨、金鍊花、波斯皂莢、婆羅門皂莢、長果子樹、牛角樹、豬腸豆,"MULTIPOINT ((121.5804577 24.9979216), (121.5867072 24.9945377), (121.5831023 24.9970222), (121.5811899 24.9986995))",臺灣動物區；非洲動物區；保育大道(主軸)；門內外廣場,Golden shower tree、Golden shower senna、Golden rain tree、Pudding pipe tree、Indian laburnum,Cassia fistula,豆科Fabaceae,決明屬Cassia,原產於斯里蘭卡、印度、喜馬拉雅山中部或東部。臺灣於1645年引進，全島普遍栽植，現為常見庭園樹木。,葉為偶數羽狀複葉，長60~80公分，一個葉柄上有小葉3~8對，小葉對生，長卵形或長橢圓形，長10~18公分，寬4~7公分，中肋顯著於背面隆起，葉面平滑，背面粉白狀，全緣，顏色鮮亮，基部略澎大，托葉尖錐形，基部較寬，長0.1~0.2公分。夏季開金黃色花，腋生，黃色，數目甚多，排列呈總狀花序，花序成串下垂，有花10~15枚。果實為長圓筒形不開裂長莢果，暗褐色，長50公分，寬1.2~1.5公分，懸垂，外皮有3條縱稜，成熟時呈暗褐色，果肉糖漿狀，略帶怪味。種子40~100枚，藥片狀，甜美可食。,"1. 庭園景觀樹和行道樹，但本種樹枝脆弱，較易受風折或風倒。
2. 食用：長圓筒形不開裂莢果，每室有一種子，呈扁圓形有褐色光澤，味甜可食。葉子為黃蝶幼蟲的食草。",,樹冠茂密可遮蔭乘涼,http://www.zoo.gov.tw/iTAP/04_Plant/Fabaceae/fistula/fistula_1.jpg,花開滿後，遠看整株樹都變成了黃色,http://www.zoo.gov.tw/iTAP/04_Plant/Fabaceae/fistula/fistula_2.jpg,,,,,,,,,,,,,,,,2017/9/4,
青楓,,,中原氏掌葉槭、青槭,"MULTIPOINT ((121.5804577 24.9979216), (121.5902638 24.9927776))",臺灣動物區；溫帶動物區,Green maple,Acer serrulatum,楓樹科Aceraceae,楓屬Acer,為臺灣特有植物，分布於全島中低海拔。由於葉片會變顏色，因此適合種植為庭園樹木，增加景觀的多樣性。,落葉大喬木，株高可達20公尺，分枝多，枝幹綠色，小枝帶紅色，平滑，幼樹樹皮青綠色，略平滑，長粗時會漸變成灰褐色，並且出現縱裂紋。葉具細柄，對生，紙質，掌狀5裂。裂片三角狀披針形或三角狀卵形。葉對生，掌狀5至7裂，裂片呈三角形，有小鋸齒葉形像手掌五裂，在秋末落葉前轉紅色或黃色，小枝葉片與側枝呈水平的扁平狀伸展，有整齊的層次感。聚繖狀圓錐花序，頂生，花白綠色。夏季果實結成，一個小果各有一枚翅膀，翅膀能帶著果子隨風滑翔，每兩個小果相連而生，成一「人」字構造十分可愛。,"1. 庭園觀賞：庭植添景或盆栽觀賞。
2. 食用：汁液可做楓糖漿。",,樹冠茂密可遮蔭乘涼,http://www.zoo.gov.tw/iTAP/04_Plant/Aceraceae/serrulatum/serrulatum_1.jpg,泛黃的葉片有著另類美感,http://www.zoo.gov.tw/iTAP/04_Plant/Aceraceae/serrulatum/serrulatum_2.jpg,聚繖花序小不易看見,http://www.zoo.gov.tw/iTAP/04_Plant/Aceraceae/serrulatum/serrulatum_3.jpg,,,,,,,,,,,,,,2017/9/4,
南天竹,,,天竹、天燭子、南竹子,"MULTIPOINT ((121.5900868 24.995295), (121.5844689 24.9953448))",鳥園區;保育大道(主軸), Nandina、Heavenly bamboo、Sacred bamboo,Nandina domestica,小蘗科 Berberidaceae,南天竹屬 Nandina,原產於中國華北及華中各省、印度及日本等地區，海拔1200公尺以下，山坡雜木林下或灌木叢中可看見。,葉互生，集中於莖的上部，三回羽狀複葉，長30~50公分，二至三回羽狀對生，小葉薄革質，橢圓形或橢圓狀披針形，長2~10公分，寬0.5~2公分，頂端銳尖，基部楔形，正面濃綠光滑，葉背灰綠，全緣，冬季變紅色，背面主葉脈顯著隆起，兩面無毛，近無柄。圓錐花序直立，長20~35公分，花小白色，具芳香，直徑0.6~0.7公分。果柄長0.4~0.8公分，漿果球形，直徑0.5~0.8公分，成熟時鮮紅色，內有種子多為2粒半圓形。果期5~11月。,1. 園藝植物：為庭園景觀的造景植物。,,漿果為鮮紅色,http://www.zoo.gov.tw/iTAP/04_Plant/Berberidaceae/domestica/domestica_1.jpg,南天竹,http://www.zoo.gov.tw/iTAP/04_Plant/Berberidaceae/domestica/domestica_2.jpg,,,,,,,,,,,,,,,,2017/9/4,19
南洋山蘇花,,,南洋巢蕨、鳥巢蕨、雀巢羊齒、歪頭菜、老鷹翅,"MULTIPOINT ((121.5897274 24.9950725), (121.5831023 24.9970222))",鳥園區；保育大道(主軸),South Pacific Bird's-nest fern,Asplenium australasicum,鐵角蕨科Aspleniaceae,鐵角蕨屬Asplenium,原產於亞洲、非洲和澳大利亞，分布於全臺海拔1500公尺以下，以南部數量較多，為熱帶地區的指標植物。著生環境可附生、岩生或樹生。,葉為全緣之單葉，叢生，葉柄短，覆瓦狀排列呈鳥巢狀，著生於潮濕環境的林下樹幹或岩石上。葉為長橢圓形，長可達1公尺以上，寬約10~15公分，葉身向下延伸直達基部，頂端尖，葉軸表面有溝，背面呈圓弧狀隆起，具明顯突出之稜脊，側脈單一或分叉一次，平行，在葉緣處連合，形成網眼。孢膜長線形，長在葉軸側脈的上側且貼近葉軸，長度約為葉軸到葉緣的一半，朝葉尖之一側開裂。,"1. 觀賞植物：植株翠綠清新，是優良的園藝植栽，葉片亦常被作為花材用。
2. 食用：嫩葉可炒、煮食，亦可煮稀飯或做泡菜。",,南洋山蘇花,http://www.zoo.gov.tw/iTAP/04_Plant/Aspleniaceae/australasicum/australasicum_1.jpg,,,,,,,,,,,,,,,,,,2017/9/4,
厚葉石斑木(田代氏石斑木),,,革葉石斑木、石斑木,MULTIPOINT ((121.5804577 24.9979216)),臺灣動物區,Yedda Hawthorn、Whole-leaf Hawthorn、Indian Hawthorn,Rhaphiolepis indica tashiroi,薔薇科Rosaceae,石斑木屬 Rhaphiolepis,產於中國大陸及臺灣中北部。為誘鳥植物，故園內鳥園區有數株。花期春季，盛開時一樹雪白甚為清麗。,灌木或小喬木，葉長橢圓形或披針狀長橢圓形，粗鋸齒緣。總狀花穗被鐵褐色柔毛。果實球形，徑達5公厘。,"1. 園藝觀賞：葉形雅緻，質地優美，為園藝界選定的庭園植物，各地植栽成為行道樹、綠籬、庭園美化、防風樹、地被植物等。
2. 染劑：樹皮因含鞣質可淬取做成染料。
3. 花材：花枝、果枝可供花材、盆栽。",,雪白花瓣搭配著紅色或黃色的花柱顯得更加美觀,http://www.zoo.gov.tw/iTAP/04_Plant/Rosaceae/indica/indica_1.jpg,,,,,,,,,,,,,,,,,,2017/9/4,
洋紫荊,,,印度櫻花、紫羊蹄甲,"MULTIPOINT ((121.5805328 24.9959671), (121.5867072 24.9945377))",蟲蟲探索谷；非洲動物區,Butterfly tree、Purple camel's-foot tree、Purple bauhinia、Hawaiian orchid tree,Bauhinia purpurea,豆科Fabaceae,羊蹄甲屬Bauhinia,原產於印度、緬甸、馬來西亞及中國大陸南部，臺灣於1903年首度由夏威夷引進。在臺分布於低海拔及平地，喜高溫多濕，具耐旱、耐熱、抗污染之特性。,葉的葉端分裂為二，葉脈生於葉底，葉呈闊心形或圓形，酷似羊蹄。單葉互生，外形呈卵圓形或卵狀長橢圓形，長7~10公分，寬6~8公分，先端鈍且2裂，裂片常裂至全長的1/3至1/2處，基部淺心形或截斷狀，硬革質，全緣，有9~11脈，表面光滑，背面稍帶有灰色毛茸，葉柄長3~3.5公分，兩端具有關節。花數枚，頂生或腋生的繖房花序，大多是葉先開放或與葉同時開放。莢果，硬革質，扁平，光滑無毛，成熟後開裂，內有種子12~15枚。,1. 因植物耐旱、生長快速、種子繁殖容易，實生苗兩年即可開花，為良好的景觀樹種，花常開於晚秋或早冬。,,洋紫荊,http://www.zoo.gov.tw/iTAP/04_Plant/Fabaceae/purpurea/purpurea_1.jpg,洋紫荊,http://www.zoo.gov.tw/iTAP/04_Plant/Fabaceae/purpurea/purpurea_2.jpg,,,,,,,,,,,,,,,,2017/9/4,
流蘇樹,,,流疏樹、茶葉樹、四月雪,"MULTIPOINT ((121.5867072 24.9945377), (121.5902638 24.9927776), (121.5831023 24.9970222))",非洲動物區；溫帶動物區；保育大道(主軸),Chinese Fringe-tree,Chionanthus retusus,木樨科Oleaceae,流蘇樹屬Chionanthus,在臺灣為原生植物，中國、日本、韓國也有分布。其生長於低海拔山區，沿著溪流或海邊的斜坡生長。可作為庭園觀賞植物。,多年生落葉小喬木。葉對生，倒卵形、橢圓或長橢圓形，先端鈍或略凹，全緣或有鋸齒。雌雄異株，白色聚繖花序，多花而密生，花瓣裂片呈線狀披針形。核果橢圓形，成熟時由綠色轉為藍黑色。,"1. 庭園觀賞：樹型茂密，翠綠，是很好的景觀植物。
2. 製茶：中國大陸農民常在流蘇葉萌芽時，採其嫩葉芽以製茶。
3. 製作器具：因其木材質硬且重，紋理緻密。",,流蘇樹,http://www.zoo.gov.tw/iTAP/04_Plant/Oleaceae/retusus/retusus_1.jpg,花朵呈白色,http://www.zoo.gov.tw/iTAP/04_Plant/Oleaceae/retusus/retusus_2.jpg,,,,,,,,,,,,,,,,2017/9/4,
相思樹,,,臺灣相思、香絲樹、相思仔、假葉豆,"MULTIPOINT ((121.5804577 24.9979216), (121.5855083 24.9944599), (121.5897274 24.9950725))",臺灣動物區；澳洲動物區；鳥園區,Taiwan Acacia,Acacia confusa,豆科Fabaceae,金合歡屬Acacia,原產於臺灣恆春一帶丘陵地區，菲律賓也可見。其適應力強，生長快速，目前臺灣全島低海拔山區普遍可見。,常綠大喬木，樹幹通直，高可達15公尺以上，徑20~40公分，樹皮灰褐色，粗糙，樹枝直立或斜上昇，幼枝有稜角。假葉互生，闊橢圓形或闊披針形，背略直，刃部橢圓狀彎曲，長10~14公分，最寬處2.5~4公分，先端鈍或銳，基部漸狹表面光滑無毛，具光澤，葉脈偏向於一側，葉有短柄。花多數，黃色或淡黃色，呈腋生的總狀花序或穗狀花序，莢果捲旋扭曲狀，內縫線無缺刻，長12公分，寬0.15~0.35公分。,"1. 木材年輪明顯，邊材黃褐色，心材暗褐色，材質緻密堅重，木理通直，可供製枕木、坑木及農具。良好者可另作薪炭用。
2. 行道樹、園景樹：防風、綠化、保護水土的良好樹種。",,相思樹,http://www.zoo.gov.tw/iTAP/04_Plant/Fabaceae/confusa/confusa_1.jpg,眾多微小花朵聚集成金黃色「頭狀花序」,http://www.zoo.gov.tw/iTAP/04_Plant/Fabaceae/confusa/confusa_2.jpg,,,,,,,,,,,,,,,,2017/9/4,
紅刺露兜樹,,,紅刺林投、紅章魚樹、麻露兜,MULTIPOINT ((121.5867072 24.9945377)),非洲動物區,Common Screw Pine,Pandanus utilis Bory,露兜樹科Pandanaceae,露兜樹屬 Pandanus,原產地馬達加斯加島。其葉呈螺旋狀著生，頗有圖案的曲線美，故為一優良木本觀葉觀姿植物。,常綠喬木，主幹下部有粗大而直立的氣根，根群分布像章魚。幹分歧，具輪狀葉痕。葉叢生枝頂，長披針形，葉緣及主脈基部有紅色銳?刺。雌雄異株，雌花頂生，肉穗花序，具白色佛焰苞。聚合果球形，下垂，核果約100個，成熟時呈黃色。,"1. 景觀樹種：生性強健，耐旱又耐蔭，幼株可種於盆栽做觀葉植物，成樹為庭園美化高級樹種。
2. 葉部纖維可製帽、編籃。
3. 造菸燃料：核果和果核燃燒後會產生大量無味的白煙，是養蜂人整理蜂房燻蜂的最好材料。",,紅刺露兜樹,http://www.zoo.gov.tw/iTAP/04_Plant/Pandanaceae/utilis/utilis_1.jpg,,,,,,,,,,,,,,,,,,2017/9/4,
紅楠,,,豬腳楠、紅潤楠、鼻涕楠、阿里山楠,"MULTIPOINT ((121.5804577 24.9979216), (121.5897274 24.9950725), (121.5902638 24.9927776))",臺灣動物區；鳥園區；溫帶動物區,Red machilus、Red nanmu、Thunberg machilus、Thunberg nanmu、Alishan machilus、Alishan nanmu、Common machilus,Machilus thunbergii Sieb et Zucc,樟科Lauraceae,楨楠屬 Machilus,分布於中國、韓國、日本、琉球及臺灣。在臺灣分布於海拔200~2000公尺的闊葉林，是北部低海拔森林常見的樹種。偏好潮溼空氣，生長快速，耐寒、耐鹽、抗風、抗空氣污染、抗病蟲害能力皆強。萌芽期2~5月，果期5~6月。,常綠大喬木，樹皮有縱向紋路。葉片長度8~12公分，寬度2.5~5公分，呈長橢圓形，質感如同厚皮革，搓揉後散發濃烈香味。幼芽、果梗及新生枝條都呈紅色，因此稱「紅楠」。花芽及葉芽在萌發前都包在紅色鱗片內保護，形態類似豬腳，故稱「豬腳楠」。樹皮受傷流出黏液，稱「鼻涕楠」。花穗長在枝條頂端，花朵呈黃白色，有6枚花瓣及9枚有繁殖能力的雄蕊，花瓣長度0.6公分，呈橢圓形。果實呈扁球狀，直徑0.5~1公分，光滑無毛，成熟後由綠色轉為暗紫色。,"1. 景觀植物：春季可見鮮紅色的幼葉鑲嵌在光澤深綠的成熟葉中。
2. 建築及木質器具：木材芳香、堅固。
3. 樹皮含黏液，磨成粉末可作為線香黏著劑。也可製褐色染料。
4. 葉片為青帶鳳蝶幼蟲的食草。",,紅楠,http://www.zoo.gov.tw/iTAP/04_Plant/Lauraceae/thunbergii/thunbergii_1.jpg,花穗長在枝條頂端,http://www.zoo.gov.tw/iTAP/04_Plant/Lauraceae/thunbergii/thunbergii_2.jpg,,,,,,,,,,,,,,,,2017/9/4,
紅樓花,,,紅筒花,"MULTIPOINT ((121.5805328 24.9959671), (121.5840572 24.9949801), (121.5805221 24.9966478), (121.5831023 24.9970222), (121.5811899 24.9986995))",蟲蟲探索谷；水生植物園；昆蟲館；保育大道(主軸)；門內外廣場,Fire Spike、Cardinal's Guard,Odontonema strictum,爵床科Acanthaceae,紅樓花屬Odontonema,原產於中美洲波多黎各的熱帶雨林。花期9~12月。,葉片長度10~30公分，寬度4~10公分，呈廣卵形，邊緣平滑沒有鋸齒，上下表面皆光滑。花穗長在枝條頂端，花梗細長，花朵呈長筒狀，紅色。蒴果呈棒狀，長度1~2公分。,"1. 適用於盆栽作觀花植物。
2. 蜜源植物：鮮紅色、長筒狀花有利吸引蝴蝶吸食花蜜並傳播花粉。",,紅色花朵有利吸引蝴蝶傳播花粉,http://www.zoo.gov.tw/iTAP/04_Plant/Acanthaceae/strictum/strictum_1.jpg,,,,,,,,,,,,,,,,,,2017/9/4,
苦楝,,,苦苓、楝樹、金鈴子、紫花樹、紫花木、森樹、翠樹、旃檀,"MULTIPOINT ((121.5804577 24.9979216), (121.582185 24.9984662), (121.5811899 24.9986995))",臺灣動物區；兒童動物區；門內外廣場,China tree、China berry,Melia azedarach Linn.,楝科Meliaceae,楝屬 Melia,廣泛分布在印度、中國、韓國、日本、臺灣。在臺灣低海拔常見，耐溼、耐旱、耐鹽、抗風及抗空氣污染能力強，生長快速。花期2~4月。,喬木，高度可達15公尺，樹皮有縱向紋路。葉片長度25~80公分，呈羽毛狀，由多枚「小葉」組成，小葉長度2~5公分，寬度1.5~2公分，呈橢圓形，邊緣呈鋸齒狀。花穗長度10~20公分，花朵直徑2公分，呈淡紫色，有5~6枚花瓣。果實直徑1.2~1.5公分，成熟後呈黃色。,"1. 觀賞價值：適用於庭園造景、行道樹及海濱造林。
2. 木材紋理美麗且耐白蟻，可製床板、木屐、棺材。
3. 樹皮具有毒性，提煉出苦楝素可製有機殺蟲劑；果實也能驅蟲或作中藥。
4. 夏季可見蟬、金龜子、天牛聚集在其樹皮上吸食汁液；秋季可見白頭翁食用成熟的果實。",,苦楝,http://www.zoo.gov.tw/iTAP/04_Plant/Meliaceae/azedarach/azedarach_1.jpg,花朵呈淡紫色,http://www.zoo.gov.tw/iTAP/04_Plant/Meliaceae/azedarach/azedarach_2.jpg,,,,,,,,,,,,,,,,2017/9/4,
風箱樹,,,水芭藥、水拔仔、珠花樹、紅紮樹、小楊梅、小泡木、大葉柳,MULTIPOINT ((121.5845065 24.995064)),水生植物園,Asiatic button-bush、Common button-bush、Button-willow、Honey-bells,Cephalanthus naucleoides,茜草科 Rubiaceae,風箱樹屬 Cephalandthus,廣泛分布在亞洲南部及北美洲。在臺灣主要分布在北部低海拔區域。,灌木，高度1.5~2.5公尺，枝條具有稀疏的毛。葉片長度9~10公分，寬度5公分，呈長卵形或長橢圓形，下表面具有稀疏的毛。眾多小花聚集成球狀，花朵長度0.9公分，白色，有4枚雄蕊。果實呈倒金字塔形，成熟後不會裂開，內部僅1顆種子。,"1. 護堤植物：種植在溪流土堤邊，可穩定堤岸防止崩塌和侵蝕。
2. 花朵供應部分蝴蝶吸食花蜜；葉片為部分蝴蝶幼蟲的食草；枝葉可供溝渠的魚類及青蛙躲避天敵。",,風箱樹,http://www.zoo.gov.tw/iTAP/04_Plant/Rubiaceae/naucleoides/naucleoides_1.jpg,白色小花聚集成球狀,http://www.zoo.gov.tw/iTAP/04_Plant/Rubiaceae/naucleoides/naucleoides_2.jpg,,,,,,,,,,,,,,,,2017/9/4,20
旅人蕉,,,旅人木、扁芭蕉、水木,"MULTIPOINT ((121.5867072 24.9945377), (121.5897274 24.9950725), (121.5811899 24.9986995))",非洲動物區；鳥園區；門內外廣場,Traveller's Palm、Traveller's Tree、Ravenala,Ravenala madagascariensis Sonn.,芭蕉科Strelitziaceae,旅人蕉屬 Ravenala,原產於非洲馬達加斯加島，偏好高溫環境，幼株需要適度遮陰，成株則需要陽光充足及排水良好的土壤，根系可深入地下，其不耐寒風，葉片遇強風容易受損。花期4~9月。,終年常綠喬木，高度9~18公尺，直徑20~30公分，不會分支。葉柄長度2~4公尺，成排如同扇子的骨架，葉片長度2~3公尺，寬度50公分，上下表面皆平滑，質感類似皮革。花穗長在葉柄與莖的接合處，花朵有3枚白色花瓣及5枚有繁殖能力的雄蕊。果實形狀類似香蕉，外果皮堅硬，富含纖維。種子長度1公分，呈橢圓形、淺藍色。,"1. 景觀植物：如同孔雀開屏的樹形可營造熱帶風情。
2. 葉柄能儲存水分，是沙漠求生的水源。",,葉柄成排如同扇子的骨架,http://www.zoo.gov.tw/iTAP/04_Plant/Strelitziaceae/madagascariensis/madagascariensis_1.jpg,,,,,,,,,,,,,,,,,,2017/9/4,
桃金孃,,,崗稔、山稔、稔子、當梨、山乳、崗?,MULTIPOINT ((121.5804577 24.9979216)),臺灣動物區,Downy rose myrtle、Hill gooseberry,Rhodomyrtus tomentosa,桃金孃科Myrtaceae,桃金孃屬Rhodomyrtus,分布於印度、中國南部、臺灣、馬來西亞至澳洲。在臺灣主要分布在北部及綠島。,小型灌木，終年常綠，枝條及花穗具有短軟毛。葉片長度5~7公分，寬度2~3.5公分，呈卵形或橢圓形，上表面光滑，下表面有毛，質感類似皮革。花朵呈粉紅色，有5枚花瓣，花瓣長度1.2公分，呈橢圓形，不具有毛。果實長度1.2公分，呈橢圓形，成熟時轉為紫色。,"1. 園藝花卉。
2. 果實有食用價值。",,桃金孃,http://www.zoo.gov.tw/iTAP/04_Plant/Myrtaceae/tomentosa/tomentosa_1.jpg,有5枚橢圓形粉紅色花瓣,http://www.zoo.gov.tw/iTAP/04_Plant/Myrtaceae/tomentosa/tomentosa_2.jpg,,,,,,,,,,,,,,,,2017/9/4,
海岸擬茀蕨,,,琉球金星蕨、密網蕨、海岸星蕨、蜈蚣擬茀蕨,"MULTIPOINT ((121.5800379 24.9976724), (121.5844314 24.9950263))",臺灣動物區；水生植物園,East indian polypody,Phymatosorus scolopendria,水龍骨科 Polypodiaceae,擬茀蕨屬 Phymatodes,分布於印度、馬來西亞、中國南部、菲律賓、琉球群島及臺灣。在臺灣多分布在南部海岸森林邊緣及空曠的礁岩。,根莖直徑0.5公分，粗壯發達，會向外匍匐延伸，質感如同木材，頂端有暗褐色鱗片。葉柄長度10~25公分，與莖的接合處有關節，葉片長度15~35公分，寬度15~20公分，質感類似皮革，呈羽毛狀，由多枚「裂片」組成，裂片長度6~13公分，寬度2~3公分，葉片側邊的裂片不超過8對，葉脈不明顯。孢子囊群呈圓形，在裂片下表面排成2排。,1. 適用於園藝造景。,,海岸擬茀蕨,http://www.zoo.gov.tw/iTAP/04_Plant/Polypodiaceae/scolopendria/scolopendria_1.jpg,,,,,,,,,,,,,,,,,,2017/9/4,21
烏皮九芎,,,白樹、葉下白、烏雞母,"MULTIPOINT ((121.5804577 24.9979216), (121.5836763 24.9957094))",臺灣動物區；熱帶雨林區,Formosan snow-bell,Styrax formosana,安息香科 Styracaceae,安息香屬 Styrax,臺灣特有種，分布在海拔1300公尺以下的森林。,灌木或小喬木。葉片長度4~6公分，寬度2~3公分，呈菱形，幼葉整片密布褐色毛，成熟葉上表面光滑無毛，下表面仍保有稀疏的毛。花穗的枝條表面有灰色毛，花朵長度1.5公分，呈白色，不具有毛。,"1. 景觀植物：花朵雪白極具觀賞價值。
2. 木材質地緻密，可製水桶及樑柱。燃燒持久，為優良薪材。",,,,,,,,,,,,,,,,,,,,,2017/9/4,
烏來杜鵑,,,臺北杜鵑、柳葉杜鵑、金平氏杜鵑,MULTIPOINT ((121.5800111 24.9981744)),臺灣動物區,Kanehira azalea,Rhododendron kanehirai,杜鵑花科 Ericaceae,杜鵑花屬 Rhododendron,臺灣特有種，是臺灣15種杜鵑中分布範圍最小的物種。,灌木，高度1~3公尺，枝條眾多，新生枝條表面布滿黃褐色毛。葉片長度3~4.5公分，寬度0.7~1公分，呈長橢圓形，質感類似紙張。枝條頂端開1~3朵花，花梗長度5~7公厘，直徑3~5公分，呈漏斗狀，顏色為桃紅色或紫紅色，有10枚雄蕊。果實長度0.8~1公分，呈卵形，表面有短毛。,,,烏來杜鵑,http://www.zoo.gov.tw/iTAP/04_Plant/Ericaceae/kanehirai/kanehirai_1.jpg,,,,,,,,,,,,,,,,,,2017/9/4,22
烏?,,,鴉?、木蠟樹、樁仔、瓊仔,"MULTIPOINT ((121.5804577 24.9979216), (121.5855083 24.9944599), (121.5816861 24.9980966))",臺灣動物區；澳洲動物區；白手長臂猿島,Tallow tree,Sapium sebiferum (Linn.) Roxb.,大戟科Euphorbiaceae,烏臼屬 Sapium,分布於中國南部及臺灣。在臺灣全島分布廣泛。,喬木，高度6公尺，樹皮有縱向紋路。葉片長度5~9公分，呈菱形，邊緣平滑沒有鋸齒，秋季會逐漸由綠色轉為紅色，每片葉變色速度不同，植株在秋季可同時出現紅色、紫色、橘色、褐色及深綠色葉片。花穗長度7~12公分，長在枝條頂端花朵只有單一性別，植株可同時開雌雄兩種性別花，雄花有2~3枚雄蕊。果實呈橢圓球狀，長度0.7公分，直徑1.5公分，成熟後呈黑色，會裂開。,"1. 木材緻密，是傢俱及木雕良材。
2. 種子可榨油用於傳統油燈及製作肥皂。
3. 葉片可提煉黑色染料。
4. 根部可作中藥。
5. 秋季多元的葉片顏色極具觀賞價值。
6. 北部的植株在夏季可見保育類昆蟲「渡邊氏長吻白蠟蟬」聚集在樹皮上吸食汁液。",,烏?,http://www.zoo.gov.tw/iTAP/04_Plant/Euphorbiaceae/sebiferum/sebiferum_1.jpg,烏?,http://www.zoo.gov.tw/iTAP/04_Plant/Euphorbiaceae/sebiferum/sebiferum_2.jpg,,,,,,,,,,,,,,,,2017/9/4,
窄葉澤瀉,,,澤瀉,MULTIPOINT ((121.5840572 24.9949801)),水生植物園,Water plantain,Alisma canaliculatum,澤瀉科Alismataceae,澤瀉屬Alisma,分布於中國、日本及琉球群島，生長在溼地環境，目前尚未大量引入臺灣栽培。,草本植物，高度20~50公分，發育出花朵的莖長度可達80公分，明顯高於主莖。葉片長度8~20公分，寬約2~5公分，呈長橢圓形。花朵兼具雌雄兩性別，有3枚白色花瓣，形狀如同倒立的雞蛋，有6枚雄蕊。果實長度僅2 公厘，呈倒三角形。,,,窄葉澤瀉,http://www.zoo.gov.tw/iTAP/04_Plant/?Alismataceae/canaliculatum/canaliculatum_1.jpg,,,,,,,,,,,,,,,,,,2017/9/4,
翅莢決明,,,七金燭台、翅果鐵刀木,MULTIPOINT ((121.5805221 24.9966478)),昆蟲館,Winged cassoa,Senna alata,蘇木科Caesalpiniaceae,決明屬Senna,原產於熱帶美洲及熱帶非洲，西元1909年由日本人從印度引進臺灣作為觀賞植物。花期秋季至春季。,葉片長度40~60公分，呈羽毛狀，由8~12對「小葉」組成，小葉長度8~12公分，寬 3.5~4.5公分，呈長橢圓形或長橢圓狀倒卵形，質感類似厚紙張。花穗長度50~70公分，有5枚黃色花瓣，花瓣長度1.5~2公分，呈卵形或長橢圓形先端鈍。莢果長度12~18公分，寬度2.5公分，成熟時會裂開，內含種子50~70枚。,1. 觀賞植物。,,翅莢決明,http://www.zoo.gov.tw/iTAP/04_Plant/Caesalpiniaceae/alata/alata_1.jpg,,,,,,,,,,,,,,,,,,2017/9/4,
粉紅合歡,,,蘇利南合歡、美蕊花 、小葉合歡 、蘇利南朱櫻花,"MULTIPOINT ((121.5867072 24.9945377), (121.5816861 24.9980966), (121.5811899 24.9986995))",非洲動物區；白手長臂猿島；門內外廣場,Surinam Calliandra,Calliandra surinamensis,豆科Fabaceae,合歡屬 Albizzia,原產於南美洲巴西、蘇利南島。臺灣於西元1950年引進作為為觀賞植物。,葉片長度7~9公分，呈羽毛狀，由多枚「羽片」組成，羽片長度6~7公分；羽片由多枚「小葉」組成，小葉長度1.2~2.2公分，寬度0.3~0.5公分；整片葉幾乎光滑無毛，僅羽片軸上有淡褐色絨毛。15~24枚花朵集合成圓球狀，稱「頭狀花序」，花朵長度4~5公分，呈漏斗狀，有12~15枚雄蕊，上部呈粉紅色，下部呈白色。果莢長度6~8公分，寬度1.5~2公分，表面有毛，成熟後由綠色轉褐色並裂開。,1. 觀賞植物。,,粉紅合歡,http://www.zoo.gov.tw/iTAP/04_Plant/Fabaceae/surinamensis/surinamensis_1.jpg,,,,,,,,,,,,,,,,,,2017/9/4,
崖薑蕨,,,岩薑、骨碎補、假猴薑、崖蕨,"MULTIPOINT ((121.5804577 24.9979216), (121.5808258 24.9981769), (121.5855083 24.9951041), (121.5831023 24.9970222), (121.5811899 24.9986995))",臺灣動物區；蕨園；沙漠動物區；保育大道(主軸)；門內外廣場,Rock-ginger fern、Santa Rosa fern,Pseudodrynaria coronans (Mett.) Ching.,水龍骨科Polypodiaceae,連珠蕨屬Aglaomorpha,分布於中國、喜馬拉雅山脈、印度北部、越南、琉球群島及臺灣。在臺灣分布於低海拔山區，生長在樹幹或岩石表面，但不會吸取寄主養分，並非寄生植物，生長型態與臺灣山蘇花極為相似，差異在葉片的排列，崖薑蕨的葉片環繞寄主樹幹ㄧ圈；臺灣山蘇花的葉片聚集成叢。,大型附生植物，根莖粗大，直徑3~5公分，表面布滿褐色鱗片。葉片長度50~80公分，寬度15~20公分，呈羽毛狀，裂片長度15公分，寬度2公分，質感類似皮革，緊密排列，環繞寄主樹幹ㄧ圈，上部維持綠色行光合作用，但下部會在數天內由綠色轉為褐色，不再行光合作用，功能為收集雨水、落葉、動物糞便及屍體，因根部遠離土壤，無法直接獲得土壤水分及養分。蕨類沒有花、果實、種子，而是以葉片下表面的「孢子」繁殖，崖薑蕨葉片僅呈綠色的上部能產生孢子，呈褐色的下部並沒有繁殖能力。,1. 藥用植物：莖可怯風除濕、舒筋活絡、治跌打損傷、骨折、中耳炎。,,葉片緊密環繞寄主樹幹,http://www.zoo.gov.tw/iTAP/04_Plant/Polypodiaceae/coronans/coronans_1.jpg,葉片僅上部維持綠色行光合作用,http://www.zoo.gov.tw/iTAP/04_Plant/Polypodiaceae/coronans/coronans_2.jpg,葉片僅上部綠色部分能產生孢子繁殖,http://www.zoo.gov.tw/iTAP/04_Plant/Polypodiaceae/coronans/coronans_3.jpg,,,,,,,,,,,,,,2017/9/4,
細葉紫珠,,,紅面將軍、長毛紫珠,"MULTIPOINT ((121.5804577 24.9979216), (121.5831023 24.9970222))",臺灣動物區；保育大道(主軸),Narrow leaf beauty-berry,Callicarpa pilosissima,馬鞭草科Verbenaceae,紫珠屬Callicarpa,臺灣特有種，分布於全島海拔500~1500公尺森林及灌叢。花期3~5月。,小型灌木，葉片長度8~18公分，寬度2~4公分，呈線形，邊緣呈細鋸齒狀。花穗長度3.5~6公分，花朵長度0.3~0.35公分，直徑0.4~0.5公分，有4枚花瓣及4枚雄蕊。果實呈球狀，直徑0.2~0.3公分，成熟時由淡紫色轉為白色。,1. 藥用植物：根、葉可治瘧疾、消炎、清熱、解毒、止血。,,葉片呈線形,http://www.zoo.gov.tw/iTAP/04_Plant/Verbenaceae/pilosissima/pilosissima_1.jpg,果實成熟時由淡紫色轉為白色,http://www.zoo.gov.tw/iTAP/04_Plant/Verbenaceae/pilosissima/pilosissima_2.jpg,,,,,,,,,,,,,,,,2017/9/4,
野薑花,,,水薑花、南薑花、水枸薑、路邊姜、蝴蝶薑、穗花山奈,"MULTIPOINT ((121.5804577 24.9979216), (121.5805328 24.9959671), (121.5897274 24.9950725), (121.5816861 24.9980966), (121.5805221 24.9966478), (121.5811899 24.9986995))",臺灣動物區；蟲蟲探索谷；鳥園區；白手長臂猿島；昆蟲館；門內外廣場,Coronarious gingerlily、Ginger lily、Butterfly ginger,Hedychium coronarium,薑科Zingiberaceae,薑花屬Hedychium,原產於印度及喜馬拉雅山，雖屬熱帶植物，但北美及歐洲溫帶國家也有引進種植，遇上嚴苛冬季會落葉，地上器官全部枯死，以地下根莖休眠至天氣回暖，可迅速萌芽。偏好溼地環境，陽光充足有利開花，但仍需適度遮蔭防止葉片焦枯，陰暗環境也能生存，但不利開花。花期8~10月。,草本植物，高度1~2公尺，終年常綠，地下根莖能快速繁殖出大量基因完全相同的植株。葉片長度20~60公分，寬度5~10公分，呈長橢圓形，邊緣平滑沒有鋸齒，上表面平滑，下表面有粗毛，質感類似皮革。花穗長在枝條頂端，長度15~30公分，呈橢圓形，花朵呈蝴蝶形，白色中心帶黃色，芳香味在夜間更加濃郁。,"1. 適合作池岸造景供賞花及聞香。
2. 花苞為白波紋小灰蝶幼蟲的食草。花蜜可吸引黑梇蝶吸食。",,花朵呈白色蝴蝶形,http://www.zoo.gov.tw/iTAP/04_Plant/Zingiberaceae/coronarium/coronarium_1.jpg,,,,,,,,,,,,,,,,,,2017/9/4,
雀榕,,,赤榕、鳥榕、山榕、紅肉榕、鳥屎榕、筆管榕、綠柄榕,"MULTIPOINT ((121.582185 24.9984662), (121.5855083 24.9944599), (121.5897274 24.9950725))",兒童動物區；澳洲動物區；鳥園區,Red-fruit fig tree、Japanese sea fig、Large-leaf banyan,Ficus superba,桑科Moraceae,榕屬Ficus,分布於日本、琉球群島、中國南部、馬來西亞、臺灣。在臺灣全島低海拔極為常見。幼樹耐陰，成樹則需要充足日照，抗風、抗空氣物染、抗病蟲害能力強。花期為4~5月，全年皆有果實陸續成熟。,大型喬木，高度8~15公尺。葉片長10~20公分，寬4~6公分，呈長橢圓形，邊緣平滑沒有鋸齒，質感類似紙張，幼葉呈紅色。花形態特殊，不呈現一般常見的花瓣或花蕊，眾多小花被花托包覆在內，外觀呈球狀，稱為「隱頭花序」，直徑1~1.5公分；枝條也會開在主幹上，稱「幹生花」，較易接觸昆蟲傳播花粉，目的在競爭激烈的熱帶雨林成功繁殖。經榕果小蜂傳播花粉後發育成無花果，果實成熟轉紅褐色，帶有白色斑點，果實被鳥吃下後，種子不會受到傷害，隨鳥糞排出落在其他樹木或建築物上，接著快速長出根系伸至土壤並纏繞、包覆其附著物，造成寄主樹木死亡及建築物受損。,"1. 內層樹皮可製成樹皮布，加工為傳統民俗編織品。
2. 果實為眾多動物的食物，包含白頭翁、綠繡眼、五色鳥、臺灣藍鵲、臺灣獼猴。葉片也是端紫斑蝶、圓翅紫斑蝶及石牆蝶幼蟲的食草。
3. 園景樹：可遮蔭、防風沙或作一般盆景。",,雀榕,http://www.zoo.gov.tw/iTAP/04_Plant/Moraceae/superba/superba_1.jpg,果實成熟後會轉紅褐色,http://www.zoo.gov.tw/iTAP/04_Plant/Moraceae/superba/superba_2.jpg,,,,,,,,,,,,,,,,2017/9/4,
鹵蕨,,,鬯蕨,MULTIPOINT ((121.5840572 24.9949801)),水生植物區,Marsh fern,Acrostichum aureum,鳳尾蕨科Pteridaceae,鹵蕨屬Acrostichum,廣泛分布在熱帶及亞熱帶河口泥灘地，西元1860~1880年的清朝時代在淡水曾有採集紀錄，現今僅剩墾丁國家公園佳樂水及花蓮羅山有分布，屬瀕危植物。,高度可達2公尺，莖、根相當粗大，葉片叢生。葉柄長度20~50公分，葉片長度50~150公分，寬度25~30公分，呈羽毛狀，由多枚「羽片」組成，羽片長度15~18公分，寬度4~5公分，呈長橢圓形，邊緣平滑沒有鋸齒。,"1. 庭園造景。
2. 嫩葉可食用。",,鹵蕨,http://www.zoo.gov.tw/iTAP/04_Plant/Pteridaceae/aureum/aureum_1.jpg,葉片由多枚長橢圓形的「羽片」組成,http://www.zoo.gov.tw/iTAP/04_Plant/Pteridaceae/aureum/aureum_2.jpg,,,,,,,,,,,,,,,,2017/9/4,
番仔林投,,,狹葉龍血樹、長花龍血樹,"MULTIPOINT ((121.582185 24.9984662), (121.5836763 24.9957094), (121.5897274 24.9950725))",兒童動物區；熱帶雨林區；鳥園區,Narrow-leaved dracaena,Dracaena angustifolia,龍舌蘭科Agavaceae,虎斑木屬Dracaena,原產於印度、菲律賓、馬來西亞、澳洲及臺灣。在臺灣不常見，主要分布在南部海濱及蘭嶼。偏好高溫溼潤環境，耐日照、耐陰、耐旱、抗風、抗病蟲害能力皆強。花期為夏季。,灌木，沒有明顯主幹，高度2~3公尺，終年常綠。葉片長度35~46公分，寬度3~4公分，呈長線形，邊緣平滑沒有鋸齒，質感如同皮革。花穗長在枝條頂端，花朵呈長管狀，直徑0.5~1公分，花瓣長度1.5~2.5公分，顏色為紫紅色或白色。果實直徑1.5公分，呈黃色、橘色或紅色。,"1. 庭園造景、綠籬及盆栽。
2. 結果的條枝可用於插花。
3. 蘭嶼達悟族將其葉片作為羊隻飼料。",,番仔林投,http://www.zoo.gov.tw/iTAP/04_Plant/Agavaceae/angustifolia/angustifolia_1.jpg,果實顏色可為黃色、橘色或紅色,http://www.zoo.gov.tw/iTAP/04_Plant/Agavaceae/angustifolia/angustifolia_2.jpg,,,,,,,,,,,,,,,,2017/9/4,
松葉蕨,,,鐵掃把、鐵石松、石龍鬚、石寄生、松葉蘭,"MULTIPOINT ((121.5804577 24.9979216), (121.5831023 24.9970222))",臺灣動物區；保育大道(主軸),Pine-leaved orchid、Fork fern,Psilotum nudum,松葉蕨科 Psilotaceae,松葉蕨屬Psilotum,遍布熱帶及亞熱帶地區，臺灣全島低海拔零星出現，主要生長在樹幹或岩縫，不會吸取寄主樹木的養分，常在筆筒樹幹上發現。,屬於原始蕨類，尚未演化出真正的根。莖可分為地下莖及地上莖，地下莖緊密分叉，地上莖長10~50公分，呈綠色，同樣分叉但較鬆散。葉片極小，呈鱗片狀。,1. 園藝觀賞：除了盆栽，也適合種植在筆筒樹幹或蛇木板。,,地上莖呈綠色,http://www.zoo.gov.tw/iTAP/04_Plant/Psilotaceae/nudum/nudum_1.jpg,孢子囊呈黃色,http://www.zoo.gov.tw/iTAP/04_Plant/Psilotaceae/nudum/nudum_2.jpg,,,,,,,,,,,,,,,,2017/9/4,
筆筒樹,,,蛇木、筆叢樹、多鱗白桫欏,"MULTIPOINT ((121.5808258 24.9981769), (121.5805328 24.9959671), (121.5840572 24.9949801), (121.5805221 24.9966478))",蕨園；蟲蟲探索谷；水生植物園；昆蟲館,Flying spider-monkey tree fern,Cyathea lepifera,桫欏科Cyatheaceae,桫欏屬Cyathea,分布於菲律賓、琉球群島、中國南部及臺灣，在臺灣分布於1800公尺以下山區，偏好低海拔陽光充足且潮溼環境。,現今少數能長成樹木的蕨類，高度6~20公尺，直徑15公分，莖外圍有發達的氣生根。葉柄直徑達5公分，葉片長度150~200公分，寬度70~120公分，呈羽毛狀，由多枚「羽片」組成，羽片長度50~80公分，羽片則由多枚「小羽片」組成，小羽片長度8~14公分，下表面具有鱗片，幼葉也有金黃色鱗片保護，老葉脫落後會在樹幹上留下橢圓形痕跡，因此筆筒樹又稱「蛇木」。,"1. 食用植物：樹幹上部的髓心柔嫩，是野外求生食物。
2. 「蛇木」，可用於蘭花栽培、筆筒、柱子及橋梁。",,筆筒樹,http://www.zoo.gov.tw/iTAP/04_Plant/Cyatheaceae/ lepifera/lepifera_1.jpg,筆筒樹,http://www.zoo.gov.tw/iTAP/04_Plant/Cyatheaceae/ lepifera/lepifera_2.jpg,,,,,,,,,,,,,,,,2017/9/4,
腎蕨,,,球蕨、玉羊齒、鐵雞蛋、腎鱗蕨、圓羊齒、鳳凰蛋、雉雞蛋、夜明吐珠,"MULTIPOINT ((121.5804577 24.9979216), (121.5808258 24.9981769), (121.582185 24.9984662))",臺灣動物區；蕨園；兒童動物區,Tuberous sword fern,Nephrolepis cordifolia,腎蕨科Lomariopsidaceae,腎蕨屬Nephrolepis,廣泛分布在熱帶亞洲，在臺灣主要分布在低海拔山區，偏好陽光充足的開闊地及森林下層空曠處。,是世界少數兼具3種莖：「直立莖」、「匍匐莖」、「塊莖」的蕨類，葉片長在直立莖上；匍匐莖可快速繁殖出基因完全相同的植株，因此腎蕨常成群生長；塊莖長度1~3公分，呈橢圓形，表面有鱗片，俗稱「鐵雞蛋」，功能為儲存養分及水分以度過乾旱，只有乾旱期間才會長出。葉片長度30~60公分，呈羽毛狀，由多枚「羽片」組成，羽片長度3公分，寬度1公分，呈鐮刀狀，其邊緣有孔洞排除多餘的水，與葉軸的接合處有關節，遇上乾旱則羽片會脫落，減少失水。,"1. 嫩葉及塊莖可食用，可止渴、解飢、除熱。
2. 插花用的材料，俗稱「羊齒」。",,匍匐莖可快速繁殖，常成群生長,http://www.zoo.gov.tw/iTAP/04_Plant/Lomariopsidaceae/cordifolia/cordifolia_1.jpg,葉片呈羽毛狀，由多枚「羽片」組成,http://www.zoo.gov.tw/iTAP/04_Plant/Lomariopsidaceae/cordifolia/cordifolia_2.jpg,,,,,,,,,,,,,,,,2017/9/4,
華八仙,,,中國繡球,"MULTIPOINT ((121.5808258 24.9981769), (121.5805221 24.9966478))",蕨園；昆蟲館,Chinese hydrangea,Hydrangea chinensis,繡球花科Hydrangeaceae,繡球屬Hydrangea,分布於中國南部及西部、菲律賓、琉球及臺灣。在臺灣遍及低中高海拔山區。花期4~9月。本園步道旁山坡地普遍可見。,常綠小灌木，沒有明顯主幹，葉片長度7~12公分，寬度2.5~4公分，呈長橢圓形，邊緣平滑沒有鋸齒或僅有短鋸齒，上表面呈深綠色，下表面綠色偏白，質感類似薄皮革。花穗長在枝條頂端，長度8公分，寬度12公分，光滑無毛，部份花朵沒有繁殖能力，不會形成果實，不孕的花朵有3枚圓形花瓣，花瓣寬度1.2公分。果實呈球狀，直徑僅1.5公厘，頂端還留存3枚雌蕊。,"1. 庭園造景、盆栽。
2. 葉片可代替茶葉泡茶飲用。",,,,,,,,,,,,,,,,,,,,,2017/9/4,
菲律賓石梓,,,黃花瓔珞、刺瓔珞、黃球花、龍蝦花,MULTIPOINT ((121.5842101 24.9952585)),水生植物園,Parrot's beak、Hedgehog bush、Snapdragon tree,Gmelina philippensis,馬鞭草科Verbenaceae,石梓屬 Gmelina,廣泛分布在印度至菲律賓。花期為春夏兩季。,灌木，沒有明顯主幹，終年常綠。葉片呈橢圓形或倒卵形，邊緣光滑沒有鋸齒，質感類似薄皮革。花穗長在枝條頂端，下垂，花朵呈黃色。果實長度2公分，呈倒卵形。,1. 蔭棚、花架觀賞。,,黃色花朵開在枝條頂端,http://www.zoo.gov.tw/iTAP/04_Plant/Verbenaceae/philippensis/philippensis_1.jpg,,,,,,,,,,,,,,,,,,2017/9/4,23
象耳榕,,,巨葉榕、大果榕,MULTIPOINT ((121.5834644 24.9944222)),熱帶雨林區,Elephant ear fig tree、Auricle-leaf fig、Eared strangler fig,Ficus auriculata ,桑科 Moraceae,榕屬 Ficus,原產於中國西南部、馬來西亞、印度、越南。耐高溫、耐陰能力強。,森林下層的小型喬木，高度8公尺。葉片長度40~50公分，寬度30~40公分，呈廣卵形，邊緣光滑無鋸齒或呈波浪狀，上下表面皆有細毛，質感類似皮革，幼葉呈紅色，成熟葉轉為綠色。花形態特殊，不呈現一般常見的花瓣或花蕊，眾多小花被花托包覆在內，外觀呈扁球狀，稱「隱頭花序」，開在樹幹上，稱「幹生花」，較易接觸昆蟲傳播花粉，目的在競爭激烈的熱帶雨林成功繁殖。經榕果小蜂傳播花粉後發育成無花果，直徑6公分，成熟後由綠色轉紅褐色。,"1. 常用於庭園造景及行道樹。
2. 果實無毒，可食用，但口感不佳。",,葉片成熟由紅色轉為綠色,http://www.zoo.gov.tw/iTAP/04_Plant/Moraceae/auriculata/auriculata_1.jpg,花開在樹幹上，稱「幹生花」,http://www.zoo.gov.tw/iTAP/04_Plant/Moraceae/auriculata/auriculata_2.jpg,,,,,,,,,,,,,,,,2017/9/4,24
越橘葉蔓榕,,,幼號水摃子、瓜子蔓榕,"MULTIPOINT ((121.5804577 24.9979216), (121.5902638 24.9927776))",臺灣動物區；溫帶動物區,Vaccinium Fig,Ficus vaccinioides,桑科Moraceae,榕屬Ficus ,臺灣特有種，主要分布在花蓮、臺東，蘭嶼相當普遍。耐寒、耐旱、耐積水、耐貧瘠、耐鹽、抗病蟲害、抗風能力皆強，海濱至中海拔山區皆能生長。,蔓藤植物，終年常綠，莖上每節都能長出根吸附在岩石、樹皮或牆壁。葉片長度0.6~3公分，寬度0.4~1.2公分，葉形如同倒立的雞蛋，上下表面皆有稀疏的毛，質感類似厚紙張。花形態特殊，不呈現一般常見的花瓣或花蕊，眾多小花被花托包覆在內，稱為「隱頭花序」，初開時呈圓柱狀、淺橄欖色，逐漸轉為壺形、暗紅色。隱頭花序經榕果小蜂傳播花粉後發育成無花果，直徑0.6~1.2公分，成熟後由紅色轉為黑紫色。,"1. 因生長快速，短時間即可布滿整面牆壁，除了視覺美觀，在夏季還能降低室內溫度。
2. 根部盤據有利於防風定沙、河堤護坡；枝葉茂密可涵養水源、減少土石沖刷及地表水流，種植在水庫邊坡可減緩淤積，延長水庫壽命。",,果實成熟由紅色轉為黑紫色,http://www.zoo.gov.tw/iTAP/04_Plant/Moraceae/vaccinioides/vaccinioides_1.jpg,,,,,,,,,,,,,,,,,,2017/9/4,
黃花風鈴木,,,黃鐘木、伊蓓樹、依蓓樹,"MULTIPOINT ((121.5804577 24.9979216), (121.582185 24.9984662), (121.5867072 24.9945377), (121.5831023 24.9970222))",臺灣動物區；兒童動物區；非洲動物區；保育大道(主軸),Golden bell tree、Golden trumpet tree,Tabebuia chrysantha,紫葳科Bignoniaceae,風鈴木屬Tabebuia,原產於中南美洲墨西哥、巴西、烏拉圭等國家，為巴西國花，偏好高溫氣候，臺灣目前大多種植於中南部，中南部開花狀況優於北部。花期3月，僅持續10天左右。,喬木，高度4~5公尺，在冬季會落葉。葉片呈手掌狀，分裂成5枚小葉，小葉呈卵形或長橢圓形，邊緣呈稀疏鋸齒狀，整片葉布滿褐色毛，觸感粗糙。花朵長度5~8公分，呈漏斗狀或風鈴狀，有5枚花瓣，呈金黃色，邊緣皺曲。果實細長，成熟後會裂開，表面佈滿褐色絨毛，有利傳播種子。葉片及果實表面的細毛有輕微毒性，皮膚接觸可能發癢。,1. 常作為庭園造景及行道樹。,,黃花風鈴木,http://www.zoo.gov.tw/iTAP/04_Plant/Bignoniaceae/chrysantha/chrysantha_1.jpg,,,,,,,,,,,,,,,,,,2017/9/4,
黃紋萬年麻,,,黃紋萬年蘭、鑲邊王蘭、黃邊萬年蘭、黃葉萬年麻、金邊萬年麻、條紋臭萬年,MULTIPOINT ((121.590917 24.9952767)),鳥園區,Mauritius hemp、Mediterranean hemp、Malagache aloe,Furcraea foetida,龍舌蘭科 Agavaceae,萬年麻屬 Furcraea,原產於中南美洲如巴西，引至世界熱帶國家包含臺灣作園藝造景。,多達50枚葉片呈放射狀生長，葉片長度可達250公分，寬度可達20公分，呈劍形，葉緣呈波浪狀彎曲，表面有黃色和淡綠色條紋，質感如同皮革，終年不凋萎。,"1. 除了庭園及盆栽造景，葉片可用於插花。
2. 其纖維可製粗布製品如布袋、繩索。",,黃紋萬年麻,http://www.zoo.gov.tw/iTAP/04_Plant/Agavaceae/foetida/foetida_1.jpg,,,,,,,,,,,,,,,,,,2017/9/4,25
黃槿,,,披麻、銅麻、港麻、海麻,"MULTIPOINT ((121.5804577 24.9979216), (121.5836763 24.9957094), (121.5867072 24.9945377))",臺灣動物區；熱帶雨林區；非洲動物區,Cuban bast、Linden hibiscus,Hibiscus tiliaceus,錦葵科Malvaceae,木槿屬Hibiscus,廣泛分布在熱帶及亞熱帶，多生長於海濱，耐鹽、抗旱及抗風能力強。花期為夏季，花朵常吸引昆蟲如蝴蝶及金龜子傳播花粉。,喬木，高度7公尺，終年常綠。葉片長度8~15公分，寬度9~20公分，呈心形，邊緣平滑沒有鋸齒。花朵呈鈴鐺形，花色黃色，中心呈暗紅色。果實呈廣卵形，成熟後會裂開。,"1. 花朵大、花期長、枝葉茂密，極具觀賞及乘涼功能。
2. 因其耐鹽、抗旱及抗風能力，適用於海岸防風樹種。
3. 木材質輕且富有彈性，可製傢俱或炭薪材。
4. 樹皮纖維可編織繩索。
5. 葉片可墊在糕粿下面蒸煮。",,花朵呈黃色鈴鐺形,http://www.zoo.gov.tw/iTAP/04_Plant/?Malvaceae/tiliaceus/tiliaceus_1.jpg,黃槿,http://www.zoo.gov.tw/iTAP/04_Plant/?Malvaceae/tiliaceus/tiliaceus_2.jpg,,,,,,,,,,,,,,,,2017/9/4,
?梧,,,柿糊、福建胡頹子、俄氏胡頹子,"MULTIPOINT ((121.5804577 24.9979216), (121.5836763 24.9957094))",臺灣動物區；熱帶雨林區,Oldham elaeagnus,Elaeagnus oldhamii,胡頹子科Elaeagnaceae,胡頹子屬Elaeagnus,分布於中國東南部及臺灣。在臺灣分布於海拔500公尺以下山區。,終年常綠灌木，新生枝條及幼芽布滿銀白色鱗片。葉片長度3~6公分，寬度1~2.5公分，形狀如同倒立的雞蛋，邊緣平滑沒有鋸齒，稍微呈波浪狀，下表面有褐色斑點，質感如同皮革。花朵呈杯子狀，有4枚花瓣及4枚雄蕊。果實呈球狀，直徑0.8公分，成熟後由綠色轉紅色，表面也有銀白色鱗片。,"1. 庭園造景。
2. 果實可食用，酸甜可口。",,花朵呈杯子狀,http://www.zoo.gov.tw/iTAP/04_Plant/Elaeagnaceae/oldhamii/oldhamii_1.jpg,葉片上下皆佈滿銀白色鱗片,http://www.zoo.gov.tw/iTAP/04_Plant/Elaeagnaceae/oldhamii/oldhamii_2.jpg,,,,,,,,,,,,,,,,2017/9/4,
猢猻木,,,猴樹、旅人樹、猢猻緬、猴麵包樹、死老鼠樹,"MULTIPOINT ((121.586781 24.9950956), (121.5888798 24.9943991))",非洲動物區;溫帶動物區,Baobab、Monkey bread tree、Dead-rat tree、Sour gourd,Adansonia digitata,木棉科 Bombacaceae,猢猻木屬 Adansonia,原產於非洲。是世界最粗的樹，樹幹直徑可超過10公尺。枝條集中在樹幹頂端，當冬季葉片落盡，光禿的枝條看似根系，被非洲肯亞人戲稱「倒著長的樹」。花期為夏季，每朵花只開24小時，其果實形態類似老鼠，因此稱為「死老鼠樹」。花朵散發的香味能吸引蝙蝠吸蜜同時傳播花粉，部份樹幹有空洞能吸引蝙蝠居住。於民國57~59年才引進臺灣，只在少數地區零星種植，生長快速，樹幹在數年內即可長至數公尺寬。,葉片呈手掌狀，分裂成3~7枚小葉，邊緣平滑沒有鋸齒，質感類似皮革。花朵下垂，直徑可達15公分，有5枚花瓣，呈白色。果實長度20公分，呈橢圓形，質感如同木材，成熟後不會裂開。,"1. 葉片、樹枝及花朵可作為草食動物飼料，嫩葉富含糖分及維他命C。
2. 樹皮纖維可編織網子、繩子、粗布袋。
3. 果漿混合牛奶可作為提神飲料。種子可烘焙替代咖啡。
4. 植株常作為庭園造景及行道樹。",,花期為夏季，每朵花只開24小時,http://www.zoo.gov.tw/iTAP/04_Plant/Bombacaceae/digitata/digitata_1.jpg,,,,,,,,,,,,,,,,,,2017/9/4,26
圓葉澤瀉,,,寬葉澤苔草,MULTIPOINT ((121.5845521 24.9950202)),水生植物園,Small-jung,Caldesia grandis,澤瀉科 Alismataceae,澤苔草屬 Caldesia,分布於馬來西亞、印度、中國華南及臺灣，生長在淺水域及溼地，在臺灣數量稀少，近年只在宜蘭發現過。花期為7~8月。,草本植物，高度15～30公分，根長在積水土壤，莖挺出水面。葉片長度3.5～9公分，寬度3.5～8公分，呈扁圓形，直接從根部長出。開花的莖長度可達50公分，花朵有3枚花瓣，花瓣呈湯匙狀，白色。果實長度1.5公厘，呈半圓形。,,,圓葉澤瀉,http://www.zoo.gov.tw/iTAP/04_Plant/Alismataceae/grandis/grandis_1.jpg,,,,,,,,,,,,,,,,,,2017/9/4,27
榔榆,,,小葉榆、掉皮榆、構樹榆,"MULTIPOINT ((121.5855083 24.9944599), (121.5902638 24.9927776), (121.5811899 24.9986995))",澳洲動物區；溫帶動物區；門內外廣場,Chinese elm、Lacebark elm,Ulmus parvifolia,榆科Ulmaceae,榆屬Ulmus,分布於日本、韓國、中國、臺灣。在臺灣主要分布在中部及南部海拔300~1000公尺溪邊的森林或灌叢。耐熱、耐寒、耐鹽、抗空氣汙染能力強，但不耐土壤積水。因木材光滑如同浸泡過雞油，俗稱「紅雞油」。,中型喬木，高度15公尺，樹皮會不規則剝落，枝條表面有細毛。葉片長度1.5~4公分，寬度1~2公分，葉形如同倒立的雞蛋，邊緣呈鈍鋸齒狀，幼葉呈紅色，成熟葉轉綠色，上表面粗糙，下表面有毛，質感類似皮革。花朵兼具雌雄兩性別，呈黃紅色，僅有1枚花瓣。果實呈卵形，褐色帶有翅膀，以風力傳播。,"1. 常用於盆栽、綠籬、行道樹及防風林。
2. 木材堅硬不易裂開，可製傢俱、砧板、車或船隻零件。
3. 根皮、嫩葉可作藥材。果實可吸引白頭翁取食。",,常用於行道樹,http://www.zoo.gov.tw/iTAP/04_Plant/Ulmaceae/parvifolia/parvifolia_1.jpg,,,,,,,,,,,,,,,,,,2017/9/4,
楓香,,,楓樹、白楓、香楓、大葉楓、雞爪楓、白膠香、靈楓、香菇木,"MULTIPOINT ((121.5808258 24.9981769), (121.5805328 24.9959671), (121.5902638 24.9927776), (121.5811899 24.9986995))",蕨園；蟲蟲探索谷；溫帶動物區；門內外廣場,Formosan sweet gum、Fragrant maple、Oriental sweet gum,Liquidambar formosana,楓香科Altingiaceae,楓香樹屬Liquidambar,分布於中國南部及臺灣，在臺灣分布海拔900~2000公尺，在遭破壞後重新生長的森林及溪谷特別常見。偏好陽光充足環境，根系粗大，不易被風吹倒或折斷，生長快速，耐旱及萌芽能力強，稍微能抵抗空氣汙染，但不耐土壤積水。,大型喬木，高度可達20公尺，冬季會落葉，樹皮有縱向紋路。葉片長度10~12公分，呈手掌狀，分裂成3裂片，幼葉則有5裂片，邊緣呈細鋸齒狀，質感如同厚皮革，秋季葉片顏色會先由綠轉黃，再由黃轉紅。植株可同時開兩種性別花，雄花花穗長在枝條頂端，雌花則是群聚成球狀，沒有花瓣。果實呈帶刺球狀，內有1~2顆帶翅種子，翅膀有利隨風滑翔遠離母樹。,"1. 適合庭園造景、盆栽及行道樹。
2. 木材可供建築及段木種植香菇。
3. 果實可作乾燥花，葉片壓乾可作書籤。",,楓香,http://www.zoo.gov.tw/iTAP/04_Plant/?Altingiaceae/formosana/formosana_1.jpg,,,,,,,,,,,,,,,,,,2017/9/4,
落羽松,,,落羽杉,"MULTIPOINT ((121.581253 24.9979143), (121.5840532 24.9951831), (121.5891373 24.9942119), (121.5811577 24.9990058))",臺灣動物區；水生植物園；溫帶動物區；大門內外廣場,Southern cypress、Swamp cypress、Gulf cypress、Bald cypress,Taxodium distichum,杉科 Taxodlaceae,落羽松屬 Taxodium,原產於美國東南部密西西比河流域，適合生長在積水土壤，常在溼地形成廣大森林，稱為「柏沼」，但也能適應乾燥土壤。因葉形呈羽毛狀，在冬季會轉褐色落光，因此稱「?羽松」。,喬木，在臺灣高度僅5公尺，在原產地美國可高達20~40公尺。為了適應積水土壤，根部會發育出類似聖誕樹底座的板根及凸出地表的呼吸根，生長在水分適中或乾燥土壤的植株則沒有以上兩種根部特徵。葉片長度僅1~1.5公分，寬度0.1公分，呈線狀，上表面呈黃綠色，下表面顏色較淺，質感如同薄紙張。植株可兼開雌雄兩種性別花，雄花呈卵形、黃綠色，具有6~8枚。毬果呈球狀，表面有皺紋。毬果內含2顆帶翅種子，可隨風傳播。,"1. 因樹形優美及適應積水土壤，適用於溼地行道樹及庭園造景。
2. 木材質地緻密，可用於建築及鐵路枕木。",,落羽松,http://www.zoo.gov.tw/iTAP/04_Plant/Taxodlaceae/distichum/distichum_1.jpg,葉形呈羽毛狀,http://www.zoo.gov.tw/iTAP/04_Plant/Taxodlaceae/distichum/distichum_2.jpg,,,,,,,,,,,,,,,,2017/9/4,28
蜘蛛抱蛋,,,一葉蘭、粽葉、山豬耳,"MULTIPOINT ((121.5804577 24.9979216), (121.5836763 24.9957094), (121.5897274 24.9950725))",臺灣動物區；熱帶雨林區；鳥園區,Cast Iron Plant、Barroom Plant  ,Aspidistra elatior,百合科Liliales,蜘蛛抱蛋屬Aspidistra,分布於喜馬拉雅山、中國、日本。在臺灣屬外來園藝植物，但臺灣也有原生變種如霧社蜘蛛抱蛋、大武蜘蛛抱蛋、銳葉蜘蛛抱蛋。,葉片長度20~50公分，寬度6~11公分，直接從根部長出，直立生長，上下表面偶爾有黃白色斑點或條紋，質感如皮革。花朵從地面長出，有8枚反捲的花瓣，形態如同蜘蛛抱著蛋，花瓣長1.2~1.8公分，直徑1~1.5公分，內外兩面皆呈紫色，雄蕊6~8枚。果實直徑1~2公分，呈球狀、綠色。,1. 觀葉植物：常用於庭園、室內盆栽或插花。,,葉片直接從根部長出,http://www.zoo.gov.tw/iTAP/04_Plant/Liliales/elatior/elatior_1.jpg,,,,,,,,,,,,,,,,,,2017/9/4,
鳳凰木,,,火樹、洋楹、金鳳、影樹、紅火楹、火焰樹,"MULTIPOINT ((121.5867072 24.9945377), (121.5897274 24.9950725))",非洲動物區；鳥園區,Flame of the forest、Flame tree、Flamboyant tree、Golden phoenis tree、Royal poinciana、Royal poinciana flame tree、Peacacock flower、Gul mohur,Delonix regia,豆科Fabaceae,鳳凰木屬 Delonix,原產於非洲馬達加斯加島，傳說早年歐洲水手抵達其原產地，正值大規模開花，場景紅艷如同森林大火，因此英文俗名稱「森林的火焰」，現今廣泛栽植於熱帶及亞熱帶國家，西元1897年日治時代引入臺灣，為臺南市市花。偏好高溫、日照充足環境。花及種子具有毒性，誤食會頭暈、腹痛。,喬木，高度可達20公尺以上，會隨季節落葉。葉片呈羽毛狀，分裂成8~20枚羽片，羽片再分出超過100枚小葉，小葉長度1公分，呈橢圓形，邊緣平滑沒有鋸齒，表面光滑無毛。花朵呈爪狀，有5枚花瓣，呈鮮紅色，中心帶黃暈。果莢長度可達60公分，呈鐮刀狀，質感如同木材，內含40~50顆種子，成熟時會裂開。,"1. 庭園造景、行道樹，因植株呈傘形，遮蔭效果良好。
2. 黃蝶屬幼蟲的食草。",,鮮紅色花朵中心帶黃暈,http://www.zoo.gov.tw/iTAP/04_Plant/Fabaceae/regia/regia_1.jpg,,,,,,,,,,,,,,,,,,2017/9/4,
樟樹,,,香樟、本樟、鳥樟、栳樟、樟仔,"MULTIPOINT ((121.5804577 24.9979216), (121.582185 24.9984662), (121.5840572 24.9949801), (121.5855083 24.9944599), (121.5816861 24.9980966), (121.5831023 24.9970222))",臺灣動物區；兒童動物區；水生植物園；澳洲動物區；白手長臂猿島；保育大道(主軸),Comphor tree、Comphor wood,Cinnamomum camphora,樟科Lauraceae,樟屬Cinnamomum,分布於中國華南、日本、琉球群島、越南北部及臺灣，在臺灣北部分布海拔上限1200公尺，南部上限則為1800公尺。萌芽及抗空氣汙染能力強，終年枝葉茂密，可攔截粉塵及降低噪音，適應都市環境，但不耐積水，需要排水良好土壤。,大型喬木，高度15~25公尺，終年常綠，樹皮有縱向紋路，整株散發樟腦香味。葉片長度7.5~10公分，寬度3~4公分，呈橢圓形或廣卵形，邊緣呈波浪狀，上表面呈深綠色，下表面呈灰白色。花穗呈淡黃色或乳白色，有6枚花瓣。果實呈球狀，成熟時由綠色轉紫黑色。,"1. 因木材芳香、耐潮防蟲，適用於建築、雕刻、傢俱、農具及船艦。
2. 木材削成薄片可提煉樟腦。
3. 種子可榨取油蠟。
4. 果實及葉片分別為白頭翁、綠繡眼等鳥類及蝴蝶幼蟲(青帶鳳蝶、臺灣鳳蝶)的食物。
5. 精油具有毒性，內含化學物質可製防腐劑。",,樟樹,http://www.zoo.gov.tw/iTAP/04_Plant/Lauraceae/camphora/camphora_1.jpg,花朵呈淡黃色或乳白色,http://www.zoo.gov.tw/iTAP/04_Plant/Lauraceae/camphora/camphora_2.jpg,,,,,,,,,,,,,,,,2017/9/4,
蓪草,,,通脫木、木通樹、通草,MULTIPOINT ((121.5901445 24.9953484)),鳥園區,Rice paper tree、Rice paper plant、Pith-paper tree、Pith plant,Tetrapanax papyriferus,五加科 Araliaceae,蓪草屬 Tetrapanax,分布於中國南部及臺灣，在臺灣分布於北部、中部及東部300~2000公尺山區，通常葉片越大的植物越偏好潮溼環境，全年多雨的東北部如基隆、宜蘭最為適合，喜好陽光充足環境，但稍微陰暗環境也能生長。花期為秋季，果期為冬末。,灌木，高度2~3.5公尺。葉片寬度60~80公分，質感類似紙張或薄皮革，呈手掌狀，有7~12片裂片，葉柄長可達80公分，整片葉布滿褐色毛。花穗長在枝條頂端，表面多毛，花朵呈黃白色，排列成寬12公分的扇形。果實呈球狀，成熟後轉為黑色脫落，內含兩兩成對種子。,1. 莖的髓心柔軟、緻密，可造紙，經進一步加工可製假花。,,蓪草,http://www.zoo.gov.tw/iTAP/04_Plant/Araliaceae/papyriferus/papyriferus_1.jpg,花朵呈黃白色，排列成扇形,http://www.zoo.gov.tw/iTAP/04_Plant/Araliaceae/papyriferus/papyriferus_2.jpg,,,,,,,,,,,,,,,,2017/9/4,29
龍船花,,,五月花、赤貞花、貞桐花、錐花常山、女貞草,"MULTIPOINT ((121.5804577 24.9979216), (121.5805328 24.9959671), (121.5836763 24.9957094), (121.5867072 24.9945377), (121.5831023 24.9970222))",臺灣動物區；蟲蟲探索谷；熱帶雨林區；非洲動物區；保育大道(主軸),Scarlet glorybower、Paniculate glorybower,Clerodendrum kaempferi,唇形科Lamiaceae,大青屬Clerodendrum,分布於印度、泰國、馬來西亞、印尼、中國南部及台灣，在臺灣遍佈低海拔。花期4~8月。,小型灌木，高度2~3公尺，枝條光滑無毛，有四個稜角。葉片長度15~20公分，寬度10~20公分，呈心形或廣卵形，上下表面皆有少許短毛。花穗長在枝條頂端，花梗呈紅色，光滑無毛。果實呈球狀，光滑無毛，成熟後呈墨綠色。,"1. 園藝觀賞植物。
2. 蜜源植物：花朵及花穗形狀有利大型蝴蝶如鳳蝶、蛺蝶吸食花蜜。",,花穗長在枝條頂端,http://www.zoo.gov.tw/iTAP/04_Plant/Lamiaceae/kaempferi/kaempferi_1.jpg,花瓣與花梗皆呈鮮紅色,http://www.zoo.gov.tw/iTAP/04_Plant/Lamiaceae/kaempferi/kaempferi_2.jpg,,,,,,,,,,,,,,,,2017/9/4,
穗花棋盤腳,,,水貢仔、細葉棋盤腳、水茄苳、玉蕊,"MULTIPOINT ((121.5844756 24.9951029), (121.5806803 24.9964716))",水生植物園；昆蟲館,Small-leaved barringtonia,Barringtonia racemosa,玉蕊科 Lecythidaceae,棋盤腳樹屬 Barringtonia,廣泛分布於熱帶亞洲、非洲、太平洋島嶼及澳洲，在臺灣北部分布於宜蘭、基隆、金包里海岸，南部則分布於恆春半島及牡丹灣海岸。,中型喬木，終年常綠，枝條下垂，葉叢生在枝條頂端。葉片長度20~35公分，寬度6~14公分，呈長卵形，邊緣呈波浪狀或鈍鋸齒狀，質感類似皮革。4枚卵形花瓣，顏色可為白色、粉紅色或紅色，邊緣常反捲。果實長度5~7公分，寬3~4公分，呈長橢圓形、淡紫紅色，略有四稜角。,1. 因終年常綠、枝葉茂密、耐鹽分，常種植於海濱作防風林或種植於庭園供觀賞。,,穗花棋盤腳,http://www.zoo.gov.tw/iTAP/04_Plant/Lecythidaceae/racemosa/racemosa_1.jpg,,,,,,,,,,,,,,,,,,2017/9/4,30
薜荔,,,虎木蓮、壁石虎、風不動、木瓜藤、木饅頭、石壁蓮、鬼饅頭,"MULTIPOINT ((121.5804577 24.9979216), (121.5902638 24.9927776), (121.5899205 24.9945669), (121.5831023 24.9970222), (121.5811899 24.9986995))",臺灣動物區；溫帶動物區；兩棲爬蟲館；保育大道(主軸)；門內外廣場,Climbing fig、creeping fig,Ficus pumila,桑科Moraceae,榕屬Ficus,分布於日本南部、琉球群島、中國南部、臺灣。在臺灣低海拔非常普遍。耐高溫、耐陰、耐貧瘠土壤、抗病蟲害能力強，生長快速，傾向向上攀爬。花期3~5月，果期6月。,終年常綠藤蔓，攀附在岩石、牆壁、樹幹，莖上每個節都能長出根，吸附樹幹或牆壁生長，小枝條呈黃褐色或紅褐色。葉片長度2~10公分，寬度1~6公分，呈長橢圓形或倒卵形，上表面光滑無毛，下表面則長有少許毛，葉片邊緣反捲。花形態特殊，眾多小花被花托包覆在內，外觀呈球狀，稱為「隱頭花序」，長度4~6.5公分，寬度3.5~6.5公分，呈深綠色至紫黑色，帶有白色斑點，表面有短毛。果實長度5~7公分，直徑4~6公分，呈淡綠色帶有白色斑點，成熟時轉為深紫色。,"1. 作為盆栽及綠籬。
2. 種子可製愛玉凍，但在臺灣不如愛玉子普遍。",,根吸附樹幹、岩石、牆壁生長,http://www.zoo.gov.tw/iTAP/04_Plant/Moraceae/pumila/pumila_1.jpg,薜荔,http://www.zoo.gov.tw/iTAP/04_Plant/Moraceae/pumila/pumila_2.jpg,,,,,,,,,,,,,,,,2017/9/4,
藍蝴蝶,,,紫蝶花、紫蝴蝶、花蝴蝶,"MULTIPOINT ((121.5911423 24.9953156), (121.586498 24.9952962))",鳥園區；保育大道(主軸),Blue butterfly bush、Blue butterfly、Blue glory,Clerodendrum ugandense,馬鞭草科Verbenaceae,大青屬Clerodendrum,原產於非洲烏干達，適應臺灣氣候。花形類似蝴蝶而得名，其藍色花瓣在花卉中罕見。,灌木，終年常綠，新生枝條紫褐色。葉形如同倒立的雞蛋，邊緣上半呈鋸齒狀，下半平滑無鋸齒。花穗長在枝條頂端，呈杯子狀，花朵色呈紫色或淺藍色，花瓣兩側對稱，類似蝴蝶翅膀。果實呈橢圓球狀，直徑0.5~0.8公分，表面具有點狀紋路。,1. 用於庭園、陽台及盆栽造景。,,花瓣兩側對稱如蝴蝶翅膀，雄蕊細長如蝴蝶觸角,http://www.zoo.gov.tw/iTAP/04_Plant/?Verbenaceae/ugandense/ugandense_1.jpg,,,,,,,,,,,,,,,,,,2017/9/4,31
雙花金絲桃,,,翻魂草,MULTIPOINT ((121.580797 24.9972312)),臺灣動物區,Twin-flowered hypericum、Paired flower、St. John's wort,Hypericum geminiflorum,金絲桃科 Guttiferae ,金絲桃屬 Hypericum,分布於菲律賓呂宋島海拔1000~1500公尺及臺灣海拔300~800公尺山區，偏好多石頭的開闊地。花期5~6月。,小型灌木，高度50~150公分，枝條下垂。葉片長度2~4.5公分，寬度1~2.2公分，呈長橢圓形，上下表面皆有灰色腺點。單一枝條可開多達28朵花，花朵有5枚花瓣，長度0.9~1.5公分，寬度0.5~0.7公分，呈黃色，形狀如同倒立的雞蛋。果實長度8~11公厘，寬度3~5公厘，呈圓柱形，成熟會裂開。,1. 種植庭園用於觀賞及綠籬。,,枝條下垂,http://www.zoo.gov.tw/iTAP/04_Plant/Guttiferae/geminiflorum/geminiflorum_1.jpg,雙花金絲桃,http://www.zoo.gov.tw/iTAP/04_Plant/Guttiferae/geminiflorum/geminiflorum_2.jpg,,,,,,,,,,,,,,,,2017/9/4,32
雞冠刺桐,,,海紅豆、冠刺桐、象牙紅、雞公花,MULTIPOINT ((121.5876554 24.99514543)),非洲動物區,Cockspur coralbean、Cockspur coral tree、India coral tree,Erythrina crista-galli,豆科Leguminosae,刺桐屬 Erythrina,原產於南美洲巴西，西元1910年日治時代引入臺灣廣泛栽植。花期為夏季。,小型喬木，高度5公尺，冬季會落葉。葉片長度7~10公分，寬度3~5公分，上下表面及邊緣都平滑，葉柄及新生枝條表面有短鉤刺。花呈蝴蝶形，因花瓣寬大又呈鮮紅色，類似雞冠而稱「雞冠?桐」。莢果長度10~30公分，內含2~6枚種子。,1. 常用於行道樹及海岸防風樹種。,,花朵呈鮮紅色,http://www.zoo.gov.tw/iTAP/04_Plant/Leguminosae/crista-galli/crista-galli_1.jpg,,,,,,,,,,,,,,,,,,2017/9/4,33
鵝掌藤,,,狗腳蹄、鵝掌蘗、九筆榕、狗腳榕、江某松,"MULTIPOINT ((121.5804577 24.9979216), (121.582185 24.9984662), (121.5855083 24.9944599), (121.5867072 24.9945377), (121.5897274 24.9950725), (121.5899205 24.9945669))",臺灣動物區；兒童動物區；澳洲動物區；非洲動物區；鳥園區；兩棲爬蟲館,Scandent scheffera、Dwarf scheffera、Umbrella tree,Schefflera odorata,五加科Araliaceae,鵝掌蘗屬Schefflera,分布於菲律賓、臺灣及蘭嶼。耐寒、耐旱及耐溼、耐鹽、抗風、抗病蟲害能力皆強，陽光充足或遮蔽處皆可生長，但前者較有利開花結果。,光滑無毛的藤蔓，高度可達6公尺以上。葉片分出5~6片小葉，呈橢圓形或廣卵形，質感類似皮革，光滑無毛。花穗長在枝條頂端，呈綠色。果實直徑僅4~5公厘，呈球狀，多肉，乾燥後會萎縮且呈尖銳六角形。,1. 做為室內盆栽、花壇、行道樹,,鵝掌藤,http://www.zoo.gov.tw/iTAP/04_Plant/Araliaceae/odorata/odorata_1.jpg,,,,,,,,,,,,,,,,,,2017/9/4,
臘腸樹,,,非洲葵菊果、吊燈樹,MULTIPOINT ((121.5887538 24.9944003)),非洲動物區,Sausage Tree,Kigelia pinnata,紫葳科 Bignoniaceae,蠟腸樹屬 Kigelia,原產於熱帶非洲，其觀賞價值在下垂的果實。,葉片長度15~30公分，呈羽毛狀，質感如同紙張或薄皮革，邊緣平滑沒有鋸齒，上下表面皆光滑無毛。花朵從樹幹長出，花朵直徑7~9公分，呈漏斗狀、血褐色，兼具雌雄兩性別。果實呈細長圓柱狀，長度30~50公分，直徑4~6.5公分，成熟時呈茶褐色，果梗長度可達10公分。,1.做為室內盆栽、花壇、行道樹。,,偏好高溫氣候,http://www.zoo.gov.tw/iTAP/04_Plant/Bignoniaceae/pinnata/pinnata_1.jpg,花朵呈血褐色漏斗狀,http://www.zoo.gov.tw/iTAP/04_Plant/Bignoniaceae/pinnata/pinnata_2.jpg,,,,,,,,,,,,,,,,2017/9/4,34
蘇鐵,,,鐵樹、鳳尾蕉、鳳尾松、避火樹,"MULTIPOINT ((121.5804577 24.9979216), (121.5808258 24.9981769), (121.5855083 24.9951041), (121.5811899 24.9986995))",臺灣動物區；蕨園；沙漠動物區；門內外廣場,Sago palm、Funeral tree,Cycas revoluta,蘇鐵科Cycadaceae,蘇鐵屬Cycas,原產於日本九州南部及琉球，現今廣泛分布於世界各地。,樹高2公尺，羽毛狀葉片叢生在莖頂端。葉片長度70~200公分，邊緣反捲，質感如同厚皮革。花僅有單一性別，單一植株只會開特定性別的花，雄花呈圓柱狀，長度70公分，雌花呈羽毛狀，表面布滿灰黃色柔毛。,"1. 植株可作盆栽或行道樹；葉可作插花材料
2. 莖內及種子皆含澱粉供食用；種子微毒，但不影響其食用及藥用價值，可治痢疾、止咳及止血。",,葉片呈羽毛狀,http://www.zoo.gov.tw/iTAP/04_Plant/Cycadaceae/revoluta/revoluta_1.jpg,,,,,,,,,,,,,,,,,,2017/9/4,
蘭嶼觀音座蓮,,,山羊蹄,MULTIPOINT ((121.5809754 24.9980274)),蕨園,Palmiform angiopteris,Angiopteris palmiformis,觀音座蓮科 Marattiaceae,觀音座蓮屬 Angiopteris ,分布於琉球群島南端、菲律賓、泰國、大溪地及臺灣，在蘭嶼特別常見，恆春半島也有少量個體。生長於熱帶成熟森林的山溝谷地、道路兩側。,幼葉捲曲呈問號狀，成熟葉片長度超過4公尺，葉柄長達90~140公分，葉片邊緣呈圓鋸齒。孢子囊群排列在小羽片兩側，靠近小羽片邊緣，每孢子囊群具有10~14枚孢子囊。,"1. 園藝造景：一、二歲植株可作為盆栽，三歲以上植株則建議種植於水邊。
2. 塊莖如同馬鈴薯含有澱粉，可作釀酒原料。",,蘭嶼觀音座蓮,http://www.zoo.gov.tw/iTAP/04_Plant/Marattiaceae/palmiformis/palmiformis_1.jpg,孢子囊群排列在小羽片邊緣,http://www.zoo.gov.tw/iTAP/04_Plant/Marattiaceae/palmiformis/palmiformis_2.jpg,,,,,,,,,,,,,,,,2017/9/4,35
蘭嶼土沉香,,, 川上氏土沉香、瞎眼樹、漆樹,MULTIPOINT ((121.5799454 24.9981161)),臺灣動物區,Kawakami excoecaria,Excoecaria kawakamii,大戟科 Euphorbiaceae,土沉香屬 Excoecaria,臺灣特有種，僅分佈於綠島及蘭嶼。花期3~5月，果期4~6月。,小型灌木，終年常綠。葉片叢生在枝條頂端，長度11~18公分，寬度2.5~3.5公分，呈倒卵形或長橢圓形，邊緣平滑沒有鋸齒，上下表面皆光滑無毛，質感類似皮革。花朵可能兼具兩性別也可能僅有單一性別。果實呈球狀，成熟時呈黑色並裂開。,1. 枝葉茂密，適合種植於濱海地區防風定沙或種植於庭園作綠籬。,,蘭嶼土沉香,http://www.zoo.gov.tw/iTAP/04_Plant/Euphorbiaceae/kawakamii/kawakamii_1.jpg,葉片呈倒卵形或長橢圓形,http://www.zoo.gov.tw/iTAP/04_Plant/Euphorbiaceae/kawakamii/kawakamii_2.jpg,果實呈球狀,http://www.zoo.gov.tw/iTAP/04_Plant/Euphorbiaceae/kawakamii/kawakamii_3.jpg,,,,,,,,,,,,,,2017/9/4,36
號角樹,,,蟻棲樹、聚蟻樹,MULTIPOINT ((121.5836763 24.9957094)),穿山甲館,Trumpet Tree、Snake Wood,Cecropia peltata L.,蕁麻科Urticaceae,號角樹屬Cecropia,原產於熱帶美洲，生長快速，是熱帶雨林中的先驅植物，也是一種與螞蟻共生的螞蟻植物。,掌狀裂葉呈盾狀形，成熟的葉片直徑達 30 公分以上，約有 9~11 裂，裂片卵形，先端尖銳，葉柄長約 20~30 公分，葉表粗糙、葉背色澤較偏淡白色並披有絨毛，葉片外型像早期留聲機的筒狀喇叭。單性花，雌雄異株，花序為腋生，雄花序長 5~8 公分，徑約 1.2 公分；雌花序穗狀，無柄，黃色。果實為聚合果，果長 2.5~5 公分。,"1.枝條製作吹奏用的號角：號角樹的樹幹及枝條中空，砍下來的枝條可以製成吹奏的樂器，中南美洲原住民利用號角樹的枝條吹號角。樹幹中的空腔可提供熱帶美洲的阿斯特克蟻居住，並讓其吸食其汁液，阿斯特克蟻可協助清除樹葉上的害蟲及樹幹上的藤蔓。
2. 樹懶最愛吃的植物：號角樹的葉子是樹懶最愛吃的一種植物。
3. 盆栽園景樹。",,號角樹,http://www.zoo.gov.tw/iTAP/04_Plant/Urticaceae/peltata/peltata_1.jpg,,,,,,,,,,,,,,,,,,2019/3/8,
大葉楠,,,草野楨楠、大葉楠仔,MULTIPOINT ((121.5836763 24.9957094)),穿山甲館,Large-leaved Nanmu,Machilus japonica Sieb. & Zucc. var. kusanoi (Hayata) J. ,樟科Lauraceae,楨楠屬Machilus,生長於臺灣全島中、低海拔闊葉林之溪谷及潮溼地。,單葉互生，葉革質，長橢圓形或倒披針形，先端銳尖至短尾狀，下表面近或光滑，多著生枝端。嫩芽具有淡紅色的苞片，新葉則為淡綠色。腋生圓錐花序，花序光滑；花瓣花萼不分，花被片淡綠色，內面略或有毛。果實為球形之核果，成熟時為紫黑色。,"1.作線香原料用：大葉楠的樹皮含豐富黏質液，和香楠一樣，可供作線香原料用。
2. 木材可製家具: 木材淡紅褐色，堅軟中庸，保存期長，加工容易。",,大葉楠,http://www.zoo.gov.tw/iTAP/04_Plant/Lauraceae/japonica/japonica_1.jpg,,,,,,,,,,,,,,,,,,2019/3/8,
鐵色,,,濱環蕊木、鐵色樹,MULTIPOINT ((121.5836763 24.9957094)),穿山甲館,Philippine Drypetes,Drypetes littoralis  (C. B. Rob.) Merr.,大戟科Euphorbiaceae,鐵色屬Drypetes,生長於恆春半島南端及蘭嶼低海拔地區森林中。,葉單生、互生，葉具短柄，長橢圓形或長橢圓狀卵形，先端銳尖，基部鈍而歪，略呈鐮刀狀，光滑無毛，革質，表面呈有光澤色，背面淡綠色，中肋於表裏兩面皆隆起，側脈不顯著；葉柄長 0.2~0.5 公分，光滑無毛。花小，叢生於葉脈，淡黃色或黃綠色，雌雄異株；花梗長 0.6~0.8 公分，粗狀的；雄花花被裂片 4~5 枚，倒卵形，先端鈍，雄蕊數枚，著生於扁平花盤四周，花絲細長，離生，花藥長橢圓形；雌花花被片如同雄花，但較小，子房長橢圓形，2~4 室。果實卵形或長橢圓狀卵形，未熟果青綠色，成熟時為橘紅色，外果皮革質，有倒伏性毛茸。,"1. 觀賞用：果成熟時為紅色，其特殊的葉形及豔紅的果實，極適合當庭園樹種植，鐵色主幹挺直側枝斜長，由於很耐蔭、生長緩慢，可做為庭園及盆栽的優良觀賞樹種。
2. 蝴蝶幼蟲食草：鐵色樹的嫩葉是尖翅粉蝶的幼蟲最喜歡的食物。3. 海岸防風定砂植物。",,鐵色,http://www.zoo.gov.tw/iTAP/04_Plant/Euphorbiaceae/littoralis/littoralis_1.jpg,,,,,,,,,,,,,,,,,,2019/3/8,
大葉桃花心木,,,,MULTIPOINT ((121.5836763 24.9957094)),穿山甲館,Honduras Mahogany,Swietenia macrophylla King,楝科Meliaceae,桃花心木屬Swietenia,原產墨西哥、中美洲及哥倫比亞。高可達30公尺，樹幹通直，基部具板根。,偶數羽狀複葉；小葉3~7對，斜卵形，長6~21cm，先端漸尖尾狀。花小形，多數，生長於枝條先端葉腋，呈聚繖花序，由多數聚繖花序集合成一大型的圓錐花序；花瓣 5 枚，倒卵形，雄蕊 10 枚，花絲合生為雄蕊筒，呈圓筒形，較花瓣為短，先端有齒裂；花藥 10 枚，位於齒裂片間而與其互生；子房圓筒狀圓錐形，其下端有一圓形花盤，花盤肉質，邊緣具齒裂；花柱圓筒狀。蒴果卵形，徑8cm，長16cm，每果種子50~60粒，種子有長翅。,"1.庭園樹、行道樹。
2. 木材可製傢俱、器具、作建材及雕刻材料。",,大葉桃花心木,http://www.zoo.gov.tw/iTAP/04_Plant/Meliaceae/macrophylla/macrophylla_1.jpg,,,,,,,,,,,,,,,,,,2019/3/8,
砲彈樹,,,吊瓜樹、吊燈樹、葉子媚樹,MULTIPOINT ((121.5836763 24.9957094)),穿山甲館,Cannonball Tree,Couroupita guianensis Aubl.,玉蕊科Lecythidaceae,砲彈樹屬Couroupita,原產於熱帶美洲，具有熱帶雨林植物的換葉現象。 ,幼葉呈長橢圓形，成樹後轉為倒卵形或橢圓形，兩端銳尖，常著生於枝端，成螺旋狀排列。幹生花，總狀花序排列，懸垂性，花開放時徑 10~12 公分，肉質，花瓣內為粉紅色，瓣外為黃色，具有香味，雄蕊合生成盤狀。果實球形，茶褐色，徑達 15~20 公分，渾圓如古代砲彈，白色果肉可鮮食，但是會咬舌頭又有怪味道，果肉氧化過程，會先變綠再變藍，內有種子數十至四、五百粒。,1.庭園美化樹種：樹性強健，不拘土質，耐熱耐旱，抗風抗污染，適合庭園美化。,,果實如古代砲彈,http://www.zoo.gov.tw/iTAP/04_Plant/Lecythidaceae/guianensis/guianensis_1.jpg,砲彈樹,http://www.zoo.gov.tw/iTAP/04_Plant/Lecythidaceae/guianensis/guianensis_2.jpg,,,,,,,,,,,,,,,,2019/3/8,
小葉桃花心木,,,,MULTIPOINT ((121.5836763 24.9957094)),穿山甲館,Mahogany、West Indies Mahogany,Swieteniamahagoni(L.) Jacq.,楝科Meliaceae,桃花心木屬Swietenia,原產於西印度群島，因為木材呈淡紅褐色，有如桃花之色澤而得名。,偶數羽狀複葉，平滑有光澤，小葉3~6對，斜卵形，嫩葉紅色。花小型，圓錐花序頂生或腋生，淡黃綠色；雄蕊筒壺狀，花藥10，頂端10齒牙分裂；子房無柄，於環狀花盤上。蒴果木質，暗褐色，外表具有五條縱溝；自基部開裂後，帶翅之種子會如螺旋槳般旋轉飄落，非常特別。春季約3月會全樹落葉，約為時一週。,1.木材可製高級家具、造船、製作鋼琴、大琴弦、雕刻用材。2. 公園綠地主木，高級行道樹及優良庭園樹。,,小葉桃花心木,http://www.zoo.gov.tw/iTAP/04_Plant/Meliaceae/mahagoni/mahagoni_1.jpg,,,,,,,,,,,,,,,,,,2019/3/8,
茄冬,,,重陽木、茄冬樹、茄冬、加(佳)冬、紅桐、秋楓樹、烏陽、胡楊、秋風木、丟了棒、Kavumin(泰雅)、Touru(排灣),MULTIPOINT ((121.5836763 24.9957094)),穿山甲館,Autummn Maple Tree、Red Cedar、Toog tree,Bischofia javanica Blume.,大戟科Euphorbiaceae,重陽木屬Bischofia,常生於海拔?800 公尺以下山地潮濕溝谷林中或平原栽培，尤以河邊堤岸或行道樹為多。幼樹稍耐蔭，喜水濕，為熱帶和亞熱帶常綠季雨林中的主要樹種。,樹幹粗糙不平，赤褐色樹皮，會有層狀剝落，老樹幹會有瘤狀突起。葉為三出複葉，互生；小葉緣有鋸齒，前端圓鈍，有尖的突出，表面平滑，有小波折狀，有葉柄，新葉紅色，有早落的托葉。雌雄異株，圓錐花序，腋生，花小，淡黃綠色，無花瓣，叢生在枝條的末端；雄花序，多分枝，雄花之萼片 5 枚，雄蕊 5 枚，花絲短，著生於退化雌蕊的周圍；雌花序，分枝較小，常退化成單總狀花序，雌花萼片卵形，早落性；雌蕊 1 枚，柱頭3裂。果實為漿果，未成熟時是青綠色，成熟時為褐色，有如一串串葡萄掛於枝頂。,"1. 木材耐濕，可用於家具、建築、土木及水工用材。
2. 優良的行道樹：樹冠為傘形涵蓋面積大。
3. 食用:果實充分成熟時，味甜可食。採新鮮葉子，塞入雞肚中，烹或烤皆宜，風味特殊稱茄苳雞。",,果實成熟呈褐色,http://www.zoo.gov.tw/iTAP/04_Plant/Euphorbiaceae/javanica/javanica_1.jpg,,,,,,,,,,,,,,,,,,2019/3/8,
美人樹,,,美人櫻、酒瓶木棉,MULTIPOINT ((121.5836763 24.9957094)),穿山甲館,Floss-silk Tree,Chorisia speciosa St. Hil.,木棉科Bombacaceae,美人櫻屬Chorisia,原產於巴西、阿根廷。花期秋至初冬或夏至秋季，在台灣越往北部越早開花。,幹有刺，樹幹綠色，下部略膨大。樹皮著生疏瘤狀刺，側枝成斜水平狀開展。葉具長柄互生，掌狀複葉，小葉5~7枚，橢圓形或倒長卵形，先端與基部均尖銳，紙質；葉緣有鋸齒，長8-12公分。 花頂生，總狀花序，花冠紫紅色或淡粉紅色，每花具 2~3 小苞；萼杯狀，2~5 齒；花瓣 5 瓣，長橢圓形；雄蕊合生成筒狀， 5 柱，每柱再裂分為 2；子房上位。蒴果橢圓形，長可達15公分，種子具棉毛。,1.行道樹、庭園樹。,,美人樹,http://www.zoo.gov.tw/iTAP/04_Plant/Bombacaceae/speciosa/speciosa_1.jpg,,,,,,,,,,,,,,,,,,2019/3/8,
麵包樹,,,羅蜜樹、罷接烙、麵包果樹、馬檳榔、羅接烙、麵磅樹、巴刀蘭(台灣)、Chipopo(雅美)、Patiru(阿美),MULTIPOINT ((121.5836763 24.9957094)),穿山甲館,Bread-fruit Tree,Artocarpusincisus(Thunb.) L. f.,桑科Moraceae,波羅蜜屬Artocarpus,原產於波里尼亞、馬來西亞。常綠喬木，全株都含乳汁，株高可達15公尺，基部常有板根的生長。因果實味道類似麵包而得名。,葉單葉互生，厚紙質，葉片大型，長20~60cm，寬14~45cm，全緣或3-9 裂片，葉上表面暗綠色且近光滑，下表面則為淺綠色且被毛茸。雌雄同株異花，雄花排列成穗狀，雌花則成頭狀花序，雄花先開雌花後開。果為球形至橢圓形金黃色聚合果，果托肥大，肉質，初為白色，成熟時為黃色，直徑約有10~20cm長。,1. 建材：木材可建屋造船，樹脂可做為黏膠。2. 食用：果實富含各種蛋白質及纖維素，鉀含量是香蕉的十倍。一顆成熟的果實重達3.2公斤，醣類含量足夠「五口之家」一餐食用。全球80%的饑荒地區都位於熱帶及亞熱帶，非常適合麵包樹生長，因此被視為解決糧食危機的救星之一。,,麵包樹,http://www.zoo.gov.tw/iTAP/04_Plant/Moraceae/incisus/incisus_1.jpg,,,,,,,,,,,,,,,,,,2019/3/8,
錫蘭橄欖,,,鋸葉杜英,MULTIPOINT ((121.5836763 24.9957094)),穿山甲館,Ceylon-olive Elaeocarpus,Elaeocarpus serratus L.,杜英科Elaeocarpaceae,杜英屬Elaeocarpus,原產於錫蘭(斯里蘭卡)。喜生長於溫暖多濕的環境，生長勢強，耐旱且抗風。,單葉互生，長橢圓形，葉緣疏鋸齒，表面濃綠色，兩面均光滑，葉柄長，兩端膨大，嫩葉淡赤色，老葉將落前則呈橙紅或鮮紅色。花瓣5枚，白色，花瓣先端成絲狀分裂，花盤為腺體狀，雄蕊 20~35 枚，總狀花序。核果橢圓形，成熟暗綠色。,"1. 觀賞用：庭園樹或行道樹。
2. 食用：果肉可食。
3. 種仁富含油分，可製潤滑油。",,錫蘭橄欖,http://www.zoo.gov.tw/iTAP/04_Plant/Elaeocarpaceae/serratus/serratus_1.jpg,,,,,,,,,,,,,,,,,,2019/3/8,
